,10_1,10_2,10_3,10_4,10_5,11_1,11_2,11_3,11_4,11_5,12_1,12_2,12_3,12_4,12_5,13_1,13_2,13_3,14_1,14_2,14_3,14_4,14_5,14_6,14_7,15_1,15_2,15_3,15_4,15_5,16_1,16_2,16_3,16_4,17_1,17_2,17_3,18_1,18_2,18_3,18_4,19_1,19_2,19_3,19_4,1_1,1_10,1_2,1_3,1_4,1_5,1_6,1_7,1_8,1_9,20_1,20_2,20_3,21_1,21_2,21_3,21_4,21_5,22_1,22_2,22_3,22_4,23_1,23_2,23_3,24_1,24_2,24_3,24_4,24_5,25_1,25_2,26_1,26_2,27_1,27_2,27_3,27_4,27_5,28_1,28_2,28_3,28_4,29_1,29_2,29_3,29_4,2_1,2_2,2_3,2_4,2_5,2_6,2_7,2_8,2_9,30_1,30_2,30_3,30_4,31_1,31_2,31_3,31_4,31_5,32_1,32_2,32_3,32_4,32_5,33_1,33_2,33_3,33_4,34_1,34_2,34_3,34_4,35_1,35_2,35_3,35_4,35_5,35_6,35_7,36_1,36_2,36_3,36_4,37_1,37_2,37_3,37_4,37_5,37_6,37_7,38_1,38_2,38_3,38_4,38_5,38_6,38_7,39_1,39_2,39_3,39_4,3_1,3_10,3_2,3_3,3_4,3_5,3_6,3_7,3_8,3_9,40_1,40_2,40_3,40_4,41_1,41_2,41_3,41_4,41_5,42_1,42_2,43_1,43_2,43_3,43_4,44_1,44_2,44_3,44_4,44_5,45_1,45_2,45_3,45_4,46_1,46_2,47_1,47_2,47_3,47_4,48_1,48_2,48_3,48_4,49_1,49_2,4_1,4_2,4_3,4_4,4_5,4_6,4_7,50_1,50_2,50_3,51_1,51_2,51_3,51_4,52_1,52_2,53_1,53_2,53_3,54_1,54_2,54_3,54_4,55_1,55_2,55_3,56_1,56_2,56_3,56_4,56_5,56_6,56_7,56_8,57_1,57_2,57_3,57_4,58_1,58_2,58_3,59_1,59_2,59_3,59_4,5_1,5_2,5_3,5_4,5_5,5_6,5_7,5_8,5_9,60_1,60_2,60_3,60_4,60_5,60_6,60_7,60_8,61_1,61_2,61_3,61_4,62_1,62_2,62_3,62_4,63_1,63_2,63_3,63_4,64_1,64_2,64_3,64_4,65_1,65_2,66_1,66_2,66_3,66_4,66_5,67_1,67_2,68_1,68_2,68_3,68_4,69_1,69_2,6_1,6_2,6_3,70_1,70_2,70_3,70_4,70_5,71_1,71_2,72_1,72_2,72_3,72_4,72_5,73_1,73_2,74_1,74_2,74_3,74_4,75_1,75_2,75_3,75_4,75_5,76_1,76_2,7_1,7_2,7_3,7_4,7_5,7_6,7_7,8_1,8_2,8_3,9_1,9_2,9_3,9_4,9_5
0,31.790647482014386,32.37913669064748,32.37841726618705,32.37841726618705,31.784172661870503,33.976258992805754,34.54964028776978,34.54964028776978,34.55035971223022,33.96187050359712,30.620863309352515,30.951079136690648,30.95179856115108,30.950359712230213,29.79712230215827,33.20431654676259,33.779136690647476,32.728776978417265,33.42661870503597,33.76115107913669,33.76115107913669,33.76043165467625,33.76115107913669,33.76115107913669,33.01294964028777,29.79712230215827,30.950359712230213,30.95179856115108,30.951079136690648,30.620863309352515,27.189928057553956,28.3431654676259,28.343884892086333,27.682014388489208,34.072661870503595,34.96546762589928,34.304316546762585,18.324,18.7068,18.7068,18.395599999999998,27.682014388489208,28.343884892086333,28.3431654676259,27.189928057553956,19.0224,19.1876,19.4484,19.4484,19.448,19.4484,19.4484,19.448,19.4484,19.4484,34.304316546762585,34.96546762589928,34.072661870503595,27.828776978417267,28.85611510791367,28.85611510791367,28.8568345323741,27.806474820143883,29.48705035971223,30.515107913669066,30.515107913669066,29.941726618705037,32.728776978417265,33.779136690647476,33.20431654676259,27.806474820143883,28.8568345323741,28.85611510791367,28.85611510791367,27.828776978417267,25.593525179856115,25.28705035971223,25.28705035971223,25.593525179856115,33.728776978417265,34.32086330935252,34.32014388489208,34.32014388489208,33.72589928057554,30.685611510791365,31.399280575539567,31.398561151079136,30.805755395683452,27.12158273381295,29.73669064748201,29.73597122302158,29.07410071942446,19.2128,19.6384,19.6384,19.6384,19.6384,19.6384,19.6384,19.6384,19.541600000000003,27.39136690647482,30.006474820143882,30.00575539568345,29.316546762589926,31.784172661870503,32.37841726618705,32.37841726618705,32.37913669064748,31.790647482014386,33.72589928057554,34.32086330935252,34.32014388489208,34.32014388489208,33.728776978417265,27.76474820143885,28.34820143884892,28.348920863309353,27.461870503597122,28.849640287769784,29.430215827338127,29.429496402877696,28.85251798561151,18.076,18.453599999999998,18.4532,18.453599999999998,18.453599999999998,18.4532,17.8308,27.461870503597122,28.348920863309353,28.34820143884892,27.76474820143885,18.3944,18.7184,18.7188,18.7184,18.7184,18.7188,18.3904,18.3904,18.7188,18.7184,18.7184,18.7188,18.7184,18.3944,27.371223021582733,28.194244604316545,28.19496402877698,27.62086330935252,19.1876,19.0224,19.4484,19.4484,19.448,19.4484,19.4484,19.448,19.4484,19.4484,28.85251798561151,29.429496402877696,29.430215827338127,28.849640287769784,34.142446043165464,34.72446043165468,34.72446043165468,34.72446043165468,34.135971223021585,29.88201438848921,29.87769784172662,30.805755395683452,31.398561151079136,31.399280575539567,30.685611510791365,34.135971223021585,34.72446043165468,34.72446043165468,34.72446043165468,34.142446043165464,28.78345323741007,29.37553956834532,29.37553956834532,28.758273381294963,27.607194244604315,27.61007194244604,29.941726618705037,30.515107913669066,30.515107913669066,29.48705035971223,29.07410071942446,29.73597122302158,29.73669064748201,27.12158273381295,21.41798561151079,21.389928057553956,33.01294964028777,33.76115107913669,33.76115107913669,33.76043165467625,33.76115107913669,33.76115107913669,33.42661870503597,32.43597122302158,33.00935251798561,31.940287769784174,29.316546762589926,30.00575539568345,30.006474820143882,27.39136690647482,21.389928057553956,21.41798561151079,30.53021582733813,31.00071942446043,30.428776978417265,18.395599999999998,18.7068,18.7068,18.324,31.940287769784174,33.00935251798561,32.43597122302158,18.383599999999998,18.8904,18.89,18.8904,18.8896,18.8904,18.89,16.9724,28.758273381294963,29.37553956834532,29.37553956834532,28.78345323741007,30.428776978417265,31.00071942446043,30.53021582733813,27.937410071942445,28.554676258992806,28.555395683453238,25.064748201438846,19.541600000000003,19.6384,19.6384,19.6384,19.6384,19.6384,19.6384,19.6384,19.2128,16.9724,18.89,18.8904,18.8896,18.8904,18.89,18.8904,18.383599999999998,25.064748201438846,28.555395683453238,28.554676258992806,27.937410071942445,26.210071942446042,28.235971223021583,28.23525179856115,27.636690647482013,29.168345323741008,31.194244604316548,31.194244604316548,30.342446043165467,27.636690647482013,28.23525179856115,28.235971223021583,26.210071942446042,28.343884892086333,28.092086330935253,34.153237410071945,34.73165467625899,34.73165467625899,34.73165467625899,34.153237410071945,27.61007194244604,27.607194244604315,30.342446043165467,31.194244604316548,31.194244604316548,29.168345323741008,28.092086330935253,28.343884892086333,33.98992805755395,35.24028776978417,34.916546762589924,34.165467625899275,34.75251798561151,34.75251798561151,34.75323741007194,34.16474820143885,29.87769784172662,29.88201438848921,34.16474820143885,34.75323741007194,34.75251798561151,34.75251798561151,34.165467625899275,26.848920863309353,26.842446043165467,27.62086330935252,28.19496402877698,28.194244604316545,27.371223021582733,34.153237410071945,34.73165467625899,34.73165467625899,34.73165467625899,34.153237410071945,26.842446043165467,26.848920863309353,17.8308,18.4532,18.453599999999998,18.453599999999998,18.4532,18.453599999999998,18.076,34.916546762589924,35.24028776978417,33.98992805755395,33.96187050359712,34.55035971223022,34.54964028776978,34.54964028776978,33.976258992805754
1,35.8,36.4,35.5,34.9,36.1,37.8,38.5,38.1,37.7,39.1,32.2,32.6,32.5,32.5,31.9,39.1,59.6,72.3,37.9,38.6,38.2,38.5,38.5,38.5,37.3,31.7,33.1,33.1,33.1,33.4,28.8,30.1,30.1,30.1,39.2,40.6,49.8,19.3,19.6,19.6,20.8,29.7,30.6,30.6,29.5,19.1,19.3,19.6,19.6,19.6,19.6,19.6,19.6,19.6,19.6,37.5,38.3,37.2,29.1,30.3,30.3,30.3,30.8,33.2,34.4,34.1,34.0,39.1,40.7,43.8,31.2,32.7,31.9,31.9,31.8,41.4,57.7,29.8,32.4,43.9,44.7,44.5,48.8,64.2,35.1,35.5,35.2,37.0,34.5,39.4,36.0,35.9,19.5,20.0,19.9,19.9,19.9,20.0,20.0,20.0,20.1,30.6,33.7,32.6,32.1,33.7,34.4,34.1,34.0,34.0,58.8,97.1,136.4,202.0,234.3,31.3,32.0,32.0,33.3,31.5,32.2,31.9,31.3,18.7,19.2,19.2,19.2,19.2,19.2,18.8,30.8,32.0,32.1,33.8,20.3,20.5,20.5,20.5,20.3,19.7,19.4,20.4,20.5,20.3,20.3,20.3,20.3,20.6,69.6,89.7,105.7,98.6,19.4,19.2,19.7,19.7,19.7,19.7,19.7,19.7,19.7,19.7,31.8,32.5,32.5,34.2,38.5,38.5,38.4,37.8,38.9,30.6,31.0,36.1,59.8,86.1,98.0,38.1,38.7,38.8,38.7,41.2,29.7,30.3,30.3,29.9,31.6,33.2,31.1,31.8,31.8,31.6,72.3,112.2,128.9,105.6,22.3,22.6,37.6,38.6,38.6,38.6,38.4,38.5,39.7,39.8,40.2,44.6,31.0,31.8,31.8,29.5,22.4,23.7,33.9,33.9,34.2,19.5,19.9,19.9,19.5,59.2,76.1,92.5,19.8,20.2,20.2,20.1,20.2,20.2,21.8,34.3,29.3,29.9,29.9,29.6,34.9,35.7,36.0,28.9,29.7,29.7,26.2,19.8,19.8,19.8,19.8,19.9,19.9,19.9,19.9,19.4,17.7,19.9,19.9,19.9,20.5,24.9,27.7,29.3,26.4,30.6,30.6,30.6,30.0,33.0,32.8,32.8,32.2,35.1,35.1,41.1,29.5,30.3,30.3,30.4,29.9,30.2,45.2,45.0,44.3,43.7,45.9,33.3,36.8,32.1,33.0,33.1,32.7,30.1,31.0,37.4,38.9,39.2,37.5,38.1,37.7,37.7,38.9,32.1,33.3,39.9,38.4,40.7,56.0,65.1,28.2,29.0,35.7,36.5,36.3,35.6,42.2,43.1,43.4,43.2,43.4,31.1,32.7,18.4,19.0,19.0,19.0,19.0,19.0,22.6,36.5,36.8,36.0,36.1,36.8,36.7,36.6,36.1
2,35.3,35.8,35.1,34.6,35.5,37.3,38.0,37.6,37.3,38.5,32.0,32.3,32.3,32.3,31.6,38.0,54.5,68.0,37.3,37.9,37.6,37.8,37.8,37.8,36.7,31.3,32.7,32.7,32.7,32.8,28.7,30.0,30.0,29.9,40.6,43.8,53.6,19.1,19.4,19.4,20.3,29.5,30.3,30.3,29.2,19.1,19.3,19.6,19.6,19.6,19.6,19.6,19.6,19.6,19.6,37.1,37.9,37.1,29.1,31.2,32.1,32.5,33.2,32.9,34.1,33.8,33.6,38.1,39.6,42.2,30.7,32.2,31.5,31.5,31.2,40.5,58.0,29.1,31.4,42.3,43.1,42.9,46.3,58.4,34.5,34.9,34.6,36.2,33.5,38.2,35.1,34.9,19.5,19.9,19.9,19.9,19.9,19.9,19.9,19.9,20.0,30.1,33.2,32.2,31.7,33.5,34.2,33.9,33.9,33.8,53.8,83.3,119.0,200.3,257.1,30.8,31.4,31.4,32.5,31.1,31.8,31.5,31.0,18.6,19.1,19.1,19.1,19.1,19.1,18.6,30.4,31.5,31.6,33.0,20.0,20.2,20.2,20.2,20.1,19.5,19.2,20.1,20.2,20.1,20.1,20.1,20.1,20.3,68.2,90.8,109.5,102.2,19.4,19.2,19.7,19.7,19.7,19.7,19.7,19.7,19.7,19.7,31.3,32.0,32.0,33.4,38.1,38.2,38.2,37.6,38.7,30.5,30.8,35.1,53.3,73.3,82.9,37.4,37.9,38.0,38.0,39.9,29.6,30.2,30.2,29.8,31.0,32.5,31.0,31.7,31.7,31.5,61.8,92.0,104.6,86.4,22.4,22.7,37.0,37.9,37.9,37.9,37.7,37.8,38.9,38.8,39.2,42.8,32.0,36.3,41.3,37.5,22.3,23.5,33.5,33.5,33.7,19.3,19.7,19.7,19.3,57.0,81.0,98.3,19.6,20.0,20.0,21.1,21.5,22.5,24.2,35.2,29.3,29.9,29.9,29.5,37.5,40.0,40.9,28.8,29.5,29.5,26.0,19.8,19.8,19.8,19.8,19.9,19.9,19.9,19.9,19.4,17.6,19.7,19.7,19.8,20.2,23.9,26.4,27.9,26.4,30.6,30.6,31.5,29.4,32.2,32.0,32.0,31.6,34.3,34.3,38.8,29.2,30.0,30.0,29.8,29.7,30.0,43.7,43.6,43.0,42.4,44.4,32.1,34.8,31.8,32.7,32.8,32.2,29.8,30.6,36.9,38.4,38.6,37.2,37.9,37.5,37.5,38.7,31.9,33.0,38.9,37.7,39.4,51.0,57.8,28.0,28.7,34.7,35.4,35.2,34.6,41.1,42.0,42.3,42.1,42.2,30.4,31.8,18.3,18.9,18.9,18.9,18.9,18.9,22.0,36.3,36.6,35.8,35.9,36.6,36.5,36.4,35.9
3,35.1,35.6,34.9,34.5,35.3,37.1,37.8,37.4,37.1,38.2,31.9,32.2,32.2,32.2,31.5,37.6,52.7,66.2,37.1,37.6,37.4,37.6,37.6,37.6,36.5,31.2,32.5,32.5,32.5,32.6,28.6,29.9,29.9,29.8,40.2,43.2,52.7,19.0,19.3,19.4,20.2,29.4,30.2,30.2,29.1,19.1,19.3,19.6,19.6,19.6,19.6,19.6,19.6,19.6,19.6,36.9,37.7,36.9,29.1,31.7,32.7,33.3,34.0,32.7,33.9,33.6,33.4,37.7,39.2,41.6,30.5,32.0,31.3,31.3,31.0,40.1,57.7,28.8,31.1,41.8,42.5,42.4,45.4,56.4,34.2,34.7,34.4,35.9,33.1,37.7,34.8,34.5,19.5,19.9,19.9,19.9,19.9,19.9,19.9,19.9,20.0,29.9,33.0,32.1,31.5,33.4,34.1,33.8,33.8,33.7,52.0,79.0,116.8,207.5,273.3,30.6,31.2,31.2,32.2,31.0,31.7,31.4,30.9,18.6,19.1,19.1,19.1,19.1,19.1,18.5,30.2,31.3,31.4,32.7,19.9,20.1,20.1,20.1,20.0,19.4,19.1,20.0,20.1,20.0,20.0,20.0,20.0,20.2,67.0,90.2,110.2,102.8,19.4,19.2,19.7,19.7,19.7,19.7,19.7,19.7,19.7,19.7,31.1,31.8,31.8,33.1,37.9,38.1,38.1,37.5,38.6,30.5,30.7,34.8,51.1,68.9,77.7,37.1,37.6,37.7,37.7,39.4,29.6,30.2,30.2,29.8,30.8,32.2,31.0,31.6,31.6,31.4,58.3,85.2,96.4,80.0,22.4,22.7,36.8,37.6,37.6,37.6,37.5,37.6,38.6,38.4,38.8,42.6,32.4,38.3,45.1,40.7,22.3,23.4,33.3,33.4,33.5,19.2,19.6,19.6,19.2,57.9,84.5,102.2,19.5,19.9,19.9,21.2,22.3,23.2,25.2,35.5,29.3,29.9,29.9,29.5,37.5,40.2,41.7,28.7,29.4,29.4,25.9,19.8,19.8,19.8,19.8,19.9,19.9,19.9,19.9,19.4,17.6,19.6,19.7,19.7,20.1,23.8,26.2,27.6,26.4,30.6,30.6,31.4,29.2,31.9,31.7,31.7,31.4,34.0,34.0,38.0,29.1,29.9,29.9,29.6,29.6,29.9,43.1,43.1,42.5,41.9,43.8,31.7,34.1,31.7,32.6,32.7,32.0,29.7,30.5,36.7,38.2,38.4,37.1,37.8,37.4,37.4,38.6,31.8,32.9,38.5,37.5,39.0,49.3,55.3,27.9,28.6,34.3,35.0,34.8,34.2,40.7,41.6,41.9,41.7,41.8,30.2,31.5,18.3,18.9,18.9,18.9,18.9,18.9,21.8,36.2,36.5,35.7,35.8,36.5,36.4,36.3,35.8
4,35.0,35.5,34.8,34.4,35.2,37.0,37.7,37.3,37.0,38.1,31.9,32.2,32.2,32.2,31.4,37.4,51.9,65.2,37.0,37.5,37.3,37.5,37.5,37.5,36.4,31.1,32.4,32.4,32.4,32.5,28.6,29.9,29.9,29.8,40.6,43.8,53.4,19.0,19.3,19.4,20.1,29.3,30.1,30.1,29.0,19.1,19.3,19.6,19.6,19.6,19.6,19.6,19.6,19.6,19.6,36.8,37.6,36.9,29.1,31.8,32.9,33.6,34.3,32.6,33.8,33.5,33.3,37.5,39.0,41.3,30.4,31.9,31.2,31.2,30.9,39.9,57.5,28.7,30.9,41.5,42.2,42.1,44.9,55.3,34.1,34.6,34.3,35.7,32.9,37.4,34.6,34.3,19.5,19.9,19.9,19.9,19.9,19.9,19.9,19.9,20.0,29.8,32.9,32.0,31.4,33.4,34.1,33.8,33.8,33.7,51.1,77.1,115.1,209.1,279.6,30.5,31.1,31.1,32.0,30.9,31.6,31.3,30.8,18.6,19.1,19.1,19.1,19.1,19.1,18.5,30.1,31.2,31.3,32.5,19.8,20.1,20.1,20.1,20.0,19.4,19.1,19.9,20.1,20.0,20.0,20.0,20.0,20.1,66.2,89.6,110.2,102.7,19.4,19.2,19.7,19.7,19.7,19.7,19.7,19.7,19.7,19.7,31.0,31.7,31.7,32.9,37.8,38.0,38.0,37.5,38.5,30.5,30.7,34.6,50.0,66.7,75.0,37.0,37.5,37.6,37.6,39.2,29.6,30.2,30.2,29.8,30.7,32.0,31.0,31.6,31.6,31.4,56.5,81.8,92.3,76.8,22.4,22.7,36.7,37.5,37.5,37.5,37.4,37.5,38.4,38.2,38.6,42.2,32.5,39.1,46.8,42.4,22.3,23.4,33.2,33.3,33.4,19.2,19.6,19.6,19.2,57.5,84.9,102.7,19.5,19.9,19.9,21.4,22.6,23.5,25.5,35.4,29.3,29.9,29.9,29.5,37.9,40.8,42.5,28.7,29.4,29.4,25.9,19.8,19.8,19.8,19.8,19.9,19.9,19.9,19.9,19.4,17.6,19.6,19.7,19.7,20.0,23.6,25.9,27.3,26.4,30.6,30.6,31.6,29.1,31.7,31.6,31.5,31.3,33.9,33.9,37.6,29.0,29.8,29.8,29.5,29.6,29.8,42.8,42.8,42.2,41.6,43.5,31.5,33.8,31.7,32.6,32.6,31.9,29.6,30.4,36.6,38.1,38.3,37.0,37.7,37.3,37.3,38.5,31.8,32.8,38.3,37.4,38.8,48.4,54.1,27.9,28.5,34.1,34.8,34.6,34.0,40.5,41.4,41.7,41.5,41.6,30.1,31.3,18.3,18.9,18.9,18.9,18.9,18.9,21.7,36.2,36.5,35.7,35.7,36.4,36.3,36.3,35.8
5,34.9,35.4,34.7,34.4,35.1,36.9,37.6,37.2,36.9,38.0,31.9,32.2,32.2,32.2,31.4,37.3,51.4,64.7,36.9,37.4,37.2,37.4,37.4,37.4,36.3,31.1,32.4,32.4,32.4,32.5,28.6,29.9,29.9,29.8,40.4,43.6,53.1,19.0,19.3,19.4,20.1,29.3,30.1,30.1,29.0,19.1,19.3,19.6,19.6,19.6,19.6,19.6,19.6,19.6,19.6,36.7,37.5,36.8,29.1,31.9,33.1,33.8,34.5,32.5,33.7,33.4,33.2,37.4,38.9,41.1,30.3,31.8,31.1,31.1,30.8,39.8,57.3,28.6,30.8,41.3,42.0,41.9,44.6,54.7,34.0,34.5,34.2,35.6,32.8,37.2,34.5,34.2,19.5,19.9,19.9,19.9,19.9,19.9,19.9,19.9,20.0,29.7,32.8,32.0,31.4,33.4,34.1,33.8,33.8,33.7,50.5,75.7,114.4,210.9,284.0,30.4,31.0,31.0,31.9,30.9,31.6,31.3,30.8,18.6,19.1,19.1,19.1,19.1,19.1,18.5,30.0,31.1,31.2,32.4,19.8,20.1,20.1,20.1,20.0,19.4,19.1,19.9,20.1,20.0,20.0,20.0,20.0,20.1,65.8,89.2,110.1,102.6,19.4,19.2,19.7,19.7,19.7,19.7,19.7,19.7,19.7,19.7,30.9,31.6,31.6,32.8,37.7,38.0,38.0,37.5,38.4,30.5,30.7,34.5,49.3,65.4,73.4,36.9,37.4,37.5,37.5,39.1,29.6,30.2,30.2,29.8,30.6,31.9,31.0,31.6,31.6,31.4,55.4,79.8,89.8,74.9,22.4,22.7,36.6,37.4,37.4,37.4,37.3,37.4,38.3,38.1,38.5,42.1,32.6,39.5,47.7,43.2,22.3,23.4,33.1,33.3,33.3,19.2,19.6,19.6,19.2,57.5,85.8,103.7,19.5,19.9,19.9,21.4,22.7,23.6,25.7,35.3,29.3,29.9,29.9,29.5,37.9,41.0,42.9,28.7,29.4,29.4,25.9,19.8,19.8,19.8,19.8,19.9,19.9,19.9,19.9,19.4,17.6,19.6,19.7,19.7,20.0,23.6,25.8,27.2,26.4,30.6,30.6,31.6,29.0,31.6,31.5,31.4,31.2,33.8,33.8,37.4,29.0,29.8,29.8,29.4,29.6,29.8,42.6,42.6,42.0,41.4,43.3,31.4,33.6,31.7,32.6,32.6,31.8,29.6,30.4,36.5,38.0,38.2,36.9,37.6,37.2,37.2,38.4,31.8,32.7,38.2,37.3,38.7,47.9,53.3,27.9,28.5,34.0,34.7,34.5,33.8,40.4,41.3,41.5,41.4,41.4,30.0,31.2,18.3,18.9,18.9,18.9,18.9,18.9,21.6,36.2,36.5,35.7,35.7,36.4,36.3,36.3,35.8
6,34.9,35.4,34.7,34.4,35.0,36.9,37.6,37.2,36.9,37.9,31.9,32.2,32.2,32.2,31.4,37.2,51.1,64.3,36.8,37.3,37.1,37.3,37.3,37.3,36.2,31.1,32.4,32.4,32.4,32.5,28.6,29.9,29.9,29.8,40.5,43.8,53.3,19.0,19.3,19.4,20.1,29.3,30.1,30.1,29.0,19.1,19.3,19.6,19.6,19.6,19.6,19.6,19.6,19.6,19.6,36.7,37.5,36.8,29.1,31.9,33.2,33.9,34.7,32.5,33.7,33.4,33.2,37.3,38.8,41.0,30.3,31.8,31.1,31.1,30.8,39.7,57.2,28.5,30.7,41.2,41.9,41.8,44.4,54.3,33.9,34.4,34.2,35.5,32.7,37.1,34.4,34.1,19.5,19.9,19.9,19.9,19.9,19.9,19.9,19.9,20.0,29.7,32.8,32.0,31.4,33.4,34.1,33.8,33.8,33.7,50.2,75.0,113.9,211.8,286.9,30.4,31.0,31.0,31.8,30.9,31.6,31.3,30.8,18.6,19.1,19.1,19.1,19.1,19.1,18.5,30.0,31.1,31.2,32.3,19.8,20.1,20.1,20.1,20.0,19.4,19.1,19.9,20.1,20.0,20.0,20.0,20.0,20.1,65.5,88.9,109.9,102.5,19.4,19.2,19.7,19.7,19.7,19.7,19.7,19.7,19.7,19.7,30.9,31.6,31.6,32.7,37.7,38.0,38.0,37.5,38.4,30.5,30.7,34.4,48.8,64.5,72.3,36.9,37.4,37.5,37.5,39.0,29.6,30.2,30.2,29.8,30.5,31.8,31.0,31.6,31.6,31.4,54.7,78.4,88.2,73.6,22.4,22.7,36.5,37.3,37.3,37.3,37.2,37.3,38.2,38.0,38.4,41.9,32.8,40.0,48.6,43.8,22.3,23.4,33.1,33.3,33.3,19.2,19.6,19.6,19.2,57.2,85.8,103.7,19.5,19.9,19.9,21.5,22.9,23.7,25.9,35.2,29.3,29.9,29.9,29.5,38.0,41.2,43.2,28.7,29.4,29.4,25.9,19.8,19.8,19.8,19.8,19.9,19.9,19.9,19.9,19.4,17.6,19.6,19.7,19.7,20.0,23.5,25.7,27.1,26.4,30.6,30.6,31.6,28.9,31.5,31.4,31.3,31.2,33.7,33.7,37.2,29.0,29.8,29.8,29.4,29.6,29.8,42.5,42.5,41.9,41.3,43.2,31.3,33.5,31.7,32.6,32.6,31.8,29.6,30.4,36.5,38.0,38.1,36.9,37.6,37.2,37.2,38.3,31.8,32.7,38.1,37.2,38.6,47.6,52.8,27.9,28.5,33.9,34.6,34.4,33.7,40.3,41.2,41.4,41.3,41.3,29.9,31.1,18.3,18.9,18.9,18.9,18.9,18.9,21.5,36.2,36.5,35.7,35.7,36.4,36.3,36.3,35.8
7,34.9,35.4,34.7,34.4,35.0,36.9,37.6,37.2,36.9,37.9,31.9,32.2,32.2,32.2,31.4,37.1,50.9,64.0,36.8,37.3,37.1,37.3,37.3,37.3,36.2,31.1,32.4,32.4,32.4,32.5,28.6,29.9,29.9,29.8,40.4,43.7,53.1,19.0,19.3,19.4,20.1,29.3,30.1,30.1,29.0,19.1,19.3,19.6,19.6,19.6,19.6,19.6,19.6,19.6,19.6,36.7,37.5,36.8,29.1,32.0,33.3,34.1,34.8,32.5,33.7,33.4,33.2,37.2,38.7,40.9,30.3,31.8,31.1,31.1,30.8,39.6,57.1,28.5,30.7,41.1,41.8,41.7,44.3,54.0,33.9,34.4,34.2,35.4,32.6,37.0,34.3,34.0,19.5,19.9,19.9,19.9,19.9,19.9,19.9,19.9,20.0,29.7,32.8,32.0,31.4,33.4,34.1,33.8,33.8,33.7,49.9,74.3,113.2,212.4,289.0,30.4,31.0,31.0,31.7,30.9,31.6,31.3,30.8,18.6,19.1,19.1,19.1,19.1,19.1,18.5,30.0,31.1,31.2,32.2,19.8,20.1,20.1,20.1,20.0,19.4,19.1,19.9,20.1,20.0,20.0,20.0,20.0,20.1,65.3,88.7,109.9,102.4,19.4,19.2,19.7,19.7,19.7,19.7,19.7,19.7,19.7,19.7,30.9,31.6,31.6,32.7,37.7,38.0,38.0,37.5,38.4,30.5,30.7,34.3,48.5,63.9,71.5,36.9,37.4,37.5,37.5,38.9,29.6,30.2,30.2,29.8,30.5,31.8,31.0,31.6,31.6,31.4,54.2,77.4,87.0,72.7,22.4,22.7,36.5,37.3,37.3,37.3,37.2,37.3,38.1,37.9,38.3,41.8,32.8,40.2,49.1,44.3,22.3,23.4,33.1,33.3,33.3,19.2,19.6,19.6,19.2,57.2,86.3,104.2,19.5,19.9,19.9,21.5,22.9,23.8,26.0,35.1,29.3,29.9,29.9,29.5,38.0,41.3,43.4,28.7,29.4,29.4,25.9,19.8,19.8,19.8,19.8,19.9,19.9,19.9,19.9,19.4,17.6,19.6,19.7,19.7,20.0,23.5,25.7,27.1,26.4,30.6,30.6,31.6,28.9,31.5,31.4,31.3,31.2,33.7,33.7,37.1,29.0,29.8,29.8,29.4,29.6,29.8,42.4,42.4,41.8,41.2,43.1,31.2,33.4,31.7,32.6,32.6,31.8,29.6,30.4,36.5,38.0,38.1,36.9,37.6,37.2,37.2,38.3,31.8,32.7,38.0,37.2,38.5,47.4,52.4,27.9,28.5,33.8,34.5,34.3,33.6,40.2,41.1,41.3,41.2,41.2,29.9,31.0,18.3,18.9,18.9,18.9,18.9,18.9,21.5,36.2,36.5,35.7,35.7,36.4,36.3,36.3,35.8
8,34.9,35.4,34.7,34.4,35.0,36.9,37.6,37.2,36.9,37.9,31.9,32.2,32.2,32.2,31.4,37.1,50.7,63.8,36.8,37.3,37.1,37.3,37.3,37.3,36.2,31.1,32.4,32.4,32.4,32.5,28.6,29.9,29.9,29.8,40.3,43.6,52.9,19.0,19.3,19.4,20.1,29.3,30.1,30.1,29.0,19.1,19.3,19.6,19.6,19.6,19.6,19.6,19.6,19.6,19.6,36.7,37.5,36.8,29.1,32.0,33.4,34.2,34.9,32.5,33.7,33.4,33.2,37.2,38.6,40.8,30.3,31.8,31.1,31.1,30.8,39.5,57.0,28.5,30.7,41.0,41.7,41.6,44.2,53.8,33.9,34.4,34.2,35.4,32.6,36.9,34.3,34.0,19.5,19.9,19.9,19.9,19.9,19.9,19.9,19.9,20.0,29.7,32.8,32.0,31.4,33.4,34.1,33.8,33.8,33.7,49.7,73.8,112.8,212.7,290.2,30.4,31.0,31.0,31.7,30.9,31.6,31.3,30.8,18.6,19.1,19.1,19.1,19.1,19.1,18.5,30.0,31.1,31.2,32.2,19.8,20.1,20.1,20.1,20.0,19.4,19.1,19.9,20.1,20.0,20.0,20.0,20.0,20.1,65.1,88.5,109.8,102.3,19.4,19.2,19.7,19.7,19.7,19.7,19.7,19.7,19.7,19.7,30.9,31.6,31.6,32.7,37.7,38.0,38.0,37.5,38.4,30.5,30.7,34.3,48.3,63.4,70.9,36.9,37.4,37.5,37.5,38.9,29.6,30.2,30.2,29.8,30.5,31.8,31.0,31.6,31.6,31.4,53.8,76.7,86.1,72.0,22.4,22.7,36.5,37.3,37.3,37.3,37.2,37.3,38.1,37.8,38.2,41.7,32.8,40.4,49.4,44.6,22.3,23.4,33.1,33.3,33.3,19.2,19.6,19.6,19.2,57.3,86.6,104.6,19.5,19.9,19.9,21.5,23.0,23.8,26.1,35.1,29.3,29.9,29.9,29.5,38.0,41.3,43.4,28.7,29.4,29.4,25.9,19.8,19.8,19.8,19.8,19.9,19.9,19.9,19.9,19.4,17.6,19.6,19.7,19.7,20.0,23.5,25.7,27.1,26.4,30.6,30.6,31.6,28.9,31.5,31.4,31.3,31.2,33.7,33.7,37.0,29.0,29.8,29.8,29.4,29.6,29.8,42.3,42.3,41.7,41.1,43.0,31.2,33.3,31.7,32.6,32.6,31.8,29.6,30.4,36.5,38.0,38.1,36.9,37.6,37.2,37.2,38.3,31.8,32.7,38.0,37.2,38.5,47.2,52.1,27.9,28.5,33.7,34.4,34.2,33.6,40.1,41.0,41.2,41.1,41.1,29.9,31.0,18.3,18.9,18.9,18.9,18.9,18.9,21.5,36.2,36.5,35.7,35.7,36.4,36.3,36.3,35.8
9,34.9,35.4,34.7,34.4,35.0,36.9,37.6,37.2,36.9,37.9,31.9,32.2,32.2,32.2,31.4,37.1,50.6,63.6,36.8,37.3,37.1,37.3,37.3,37.3,36.2,31.1,32.4,32.4,32.4,32.5,28.6,29.9,29.9,29.8,40.3,43.7,53.0,19.0,19.3,19.4,20.1,29.3,30.1,30.1,29.0,19.1,19.3,19.6,19.6,19.6,19.6,19.6,19.6,19.6,19.6,36.7,37.5,36.8,29.1,32.0,33.4,34.2,34.9,32.5,33.7,33.4,33.2,37.2,38.6,40.7,30.3,31.8,31.1,31.1,30.8,39.4,56.9,28.5,30.7,40.9,41.6,41.5,44.1,53.6,33.9,34.4,34.2,35.4,32.6,36.9,34.3,34.0,19.5,19.9,19.9,19.9,19.9,19.9,19.9,19.9,20.0,29.7,32.8,32.0,31.4,33.4,34.1,33.8,33.8,33.7,49.5,73.4,112.3,212.8,291.0,30.4,31.0,31.0,31.7,30.9,31.6,31.3,30.8,18.6,19.1,19.1,19.1,19.1,19.1,18.5,30.0,31.1,31.2,32.2,19.8,20.1,20.1,20.1,20.0,19.4,19.1,19.9,20.1,20.0,20.0,20.0,20.0,20.1,65.0,88.3,109.7,102.2,19.4,19.2,19.7,19.7,19.7,19.7,19.7,19.7,19.7,19.7,30.9,31.6,31.6,32.7,37.7,38.0,38.0,37.5,38.4,30.5,30.7,34.3,48.1,63.0,70.5,36.9,37.4,37.5,37.5,38.9,29.6,30.2,30.2,29.8,30.5,31.8,31.0,31.6,31.6,31.4,53.5,76.1,85.4,71.5,22.4,22.7,36.5,37.3,37.3,37.3,37.2,37.3,38.1,37.8,38.2,41.6,32.8,40.6,49.7,44.8,22.3,23.4,33.1,33.3,33.3,19.2,19.6,19.6,19.2,57.2,86.6,104.5,19.5,19.9,19.9,21.5,23.0,23.8,26.2,35.1,29.3,29.9,29.9,29.5,38.0,41.4,43.5,28.7,29.4,29.4,25.9,19.8,19.8,19.8,19.8,19.9,19.9,19.9,19.9,19.4,17.6,19.6,19.7,19.7,20.0,23.5,25.6,27.0,26.4,30.6,30.6,31.6,28.9,31.5,31.4,31.3,31.2,33.7,33.7,36.9,29.0,29.8,29.8,29.4,29.6,29.8,42.2,42.2,41.7,41.1,42.9,31.2,33.2,31.7,32.6,32.6,31.8,29.6,30.4,36.5,38.0,38.1,36.9,37.6,37.2,37.2,38.3,31.8,32.7,38.0,37.2,38.5,47.1,51.9,27.9,28.5,33.7,34.4,34.2,33.6,40.1,41.0,41.2,41.1,41.1,29.9,31.0,18.3,18.9,18.9,18.9,18.9,18.9,21.5,36.2,36.5,35.7,35.7,36.4,36.3,36.3,35.8
10,34.9,35.4,34.7,34.4,35.0,36.9,37.6,37.2,36.9,37.9,31.9,32.2,32.2,32.2,31.4,37.1,50.5,63.4,36.8,37.3,37.1,37.3,37.3,37.3,36.2,31.1,32.4,32.4,32.4,32.5,28.6,29.9,29.9,29.8,40.3,43.6,52.9,19.0,19.3,19.4,20.1,29.3,30.1,30.1,29.0,19.1,19.3,19.6,19.6,19.6,19.6,19.6,19.6,19.6,19.6,36.7,37.5,36.8,29.1,32.0,33.4,34.3,34.9,32.5,33.7,33.4,33.2,37.2,38.6,40.7,30.3,31.8,31.1,31.1,30.8,39.4,56.8,28.5,30.7,40.9,41.6,41.5,44.0,53.5,33.9,34.4,34.2,35.4,32.6,36.9,34.3,34.0,19.5,19.9,19.9,19.9,19.9,19.9,19.9,19.9,20.0,29.7,32.8,32.0,31.4,33.4,34.1,33.8,33.8,33.7,49.4,73.1,112.0,213.1,291.8,30.4,31.0,31.0,31.7,30.9,31.6,31.3,30.8,18.6,19.1,19.1,19.1,19.1,19.1,18.5,30.0,31.1,31.2,32.2,19.8,20.1,20.1,20.1,20.0,19.4,19.1,19.9,20.1,20.0,20.0,20.0,20.0,20.1,64.9,88.2,109.7,102.2,19.4,19.2,19.7,19.7,19.7,19.7,19.7,19.7,19.7,19.7,30.9,31.6,31.6,32.7,37.7,38.0,38.0,37.5,38.4,30.5,30.7,34.3,47.9,62.7,70.1,36.9,37.4,37.5,37.5,38.9,29.6,30.2,30.2,29.8,30.5,31.8,31.0,31.6,31.6,31.4,53.3,75.6,84.9,71.1,22.4,22.7,36.5,37.3,37.3,37.3,37.2,37.3,38.1,37.8,38.2,41.6,32.8,40.7,49.9,45.0,22.3,23.4,33.1,33.3,33.3,19.2,19.6,19.6,19.2,57.2,86.8,104.7,19.5,19.9,19.9,21.5,23.1,23.8,26.2,35.1,29.3,29.9,29.9,29.5,38.0,41.4,43.5,28.7,29.4,29.4,25.9,19.8,19.8,19.8,19.8,19.9,19.9,19.9,19.9,19.4,17.6,19.6,19.7,19.7,20.0,23.5,25.6,27.0,26.4,30.6,30.6,31.6,28.9,31.5,31.4,31.3,31.2,33.7,33.7,36.8,29.0,29.8,29.8,29.4,29.6,29.8,42.2,42.2,41.7,41.1,42.9,31.2,33.2,31.7,32.6,32.6,31.8,29.6,30.4,36.5,38.0,38.1,36.9,37.6,37.2,37.2,38.3,31.8,32.7,38.0,37.2,38.5,47.0,51.7,27.9,28.5,33.7,34.4,34.2,33.6,40.1,41.0,41.2,41.1,41.1,29.9,31.0,18.3,18.9,18.9,18.9,18.9,18.9,21.5,36.2,36.5,35.7,35.7,36.4,36.3,36.3,35.8
11,34.9,35.4,34.7,34.4,35.0,36.9,37.6,37.2,36.9,37.9,31.9,32.2,32.2,32.2,31.4,37.1,50.4,63.3,36.8,37.3,37.1,37.3,37.3,37.3,36.2,31.1,32.4,32.4,32.4,32.5,28.6,29.9,29.9,29.8,40.3,43.6,52.8,19.0,19.3,19.4,20.1,29.3,30.1,30.1,29.0,19.1,19.3,19.6,19.6,19.6,19.6,19.6,19.6,19.6,19.6,36.7,37.5,36.8,29.1,32.0,33.4,34.4,34.9,32.5,33.7,33.4,33.2,37.2,38.6,40.7,30.3,31.8,31.1,31.1,30.8,39.4,56.7,28.5,30.7,40.9,41.6,41.5,43.9,53.4,33.9,34.4,34.2,35.4,32.6,36.9,34.3,34.0,19.5,19.9,19.9,19.9,19.9,19.9,19.9,19.9,20.0,29.7,32.8,32.0,31.4,33.4,34.1,33.8,33.8,33.7,49.3,72.8,111.7,213.2,292.3,30.4,31.0,31.0,31.7,30.9,31.6,31.3,30.8,18.6,19.1,19.1,19.1,19.1,19.1,18.5,30.0,31.1,31.2,32.2,19.8,20.1,20.1,20.1,20.0,19.4,19.1,19.9,20.1,20.0,20.0,20.0,20.0,20.1,64.8,88.1,109.7,102.2,19.4,19.2,19.7,19.7,19.7,19.7,19.7,19.7,19.7,19.7,30.9,31.6,31.6,32.7,37.7,38.0,38.0,37.5,38.4,30.5,30.7,34.3,47.8,62.5,69.8,36.9,37.4,37.5,37.5,38.9,29.6,30.2,30.2,29.8,30.5,31.8,31.0,31.6,31.6,31.4,53.1,75.2,84.5,70.7,22.4,22.7,36.5,37.3,37.3,37.3,37.2,37.3,38.1,37.8,38.2,41.6,32.8,40.8,50.1,45.2,22.3,23.4,33.1,33.3,33.3,19.2,19.6,19.6,19.2,57.2,87.0,104.9,19.5,19.9,19.9,21.5,23.1,23.8,26.2,35.1,29.3,29.9,29.9,29.5,38.0,41.4,43.5,28.7,29.4,29.4,25.9,19.8,19.8,19.8,19.8,19.9,19.9,19.9,19.9,19.4,17.6,19.6,19.7,19.7,20.0,23.5,25.6,27.0,26.4,30.6,30.6,31.6,28.9,31.5,31.4,31.3,31.2,33.7,33.7,36.8,29.0,29.8,29.8,29.4,29.6,29.8,42.2,42.2,41.7,41.1,42.9,31.2,33.2,31.7,32.6,32.6,31.8,29.6,30.4,36.5,38.0,38.1,36.9,37.6,37.2,37.2,38.3,31.8,32.7,38.0,37.2,38.5,46.9,51.6,27.9,28.5,33.7,34.4,34.2,33.6,40.1,41.0,41.2,41.1,41.1,29.9,31.0,18.3,18.9,18.9,18.9,18.9,18.9,21.5,36.2,36.5,35.7,35.7,36.4,36.3,36.3,35.8
12,34.9,35.4,34.7,34.4,35.0,36.9,37.6,37.2,36.9,37.9,31.9,32.2,32.2,32.2,31.4,37.1,50.3,63.2,36.8,37.3,37.1,37.3,37.3,37.3,36.2,31.1,32.4,32.4,32.4,32.5,28.6,29.9,29.9,29.8,40.3,43.6,52.8,19.0,19.3,19.4,20.1,29.3,30.1,30.1,29.0,19.1,19.3,19.6,19.6,19.6,19.6,19.6,19.6,19.6,19.6,36.7,37.5,36.8,29.1,32.0,33.4,34.4,34.9,32.5,33.7,33.4,33.2,37.2,38.6,40.7,30.3,31.8,31.1,31.1,30.8,39.4,56.7,28.5,30.7,40.9,41.6,41.5,43.9,53.3,33.9,34.4,34.2,35.4,32.6,36.9,34.3,34.0,19.5,19.9,19.9,19.9,19.9,19.9,19.9,19.9,20.0,29.7,32.8,32.0,31.4,33.4,34.1,33.8,33.8,33.7,49.2,72.6,111.5,213.3,292.8,30.4,31.0,31.0,31.7,30.9,31.6,31.3,30.8,18.6,19.1,19.1,19.1,19.1,19.1,18.5,30.0,31.1,31.2,32.2,19.8,20.1,20.1,20.1,20.0,19.4,19.1,19.9,20.1,20.0,20.0,20.0,20.0,20.1,64.7,88.0,109.7,102.2,19.4,19.2,19.7,19.7,19.7,19.7,19.7,19.7,19.7,19.7,30.9,31.6,31.6,32.7,37.7,38.0,38.0,37.5,38.4,30.5,30.7,34.3,47.7,62.3,69.6,36.9,37.4,37.5,37.5,38.9,29.6,30.2,30.2,29.8,30.5,31.8,31.0,31.6,31.6,31.4,52.9,74.9,84.1,70.4,22.4,22.7,36.5,37.3,37.3,37.3,37.2,37.3,38.1,37.8,38.2,41.6,32.8,40.9,50.2,45.3,22.3,23.4,33.1,33.3,33.3,19.2,19.6,19.6,19.2,57.1,87.0,104.9,19.5,19.9,19.9,21.5,23.1,23.8,26.2,35.1,29.3,29.9,29.9,29.5,38.0,41.5,43.6,28.7,29.4,29.4,25.9,19.8,19.8,19.8,19.8,19.9,19.9,19.9,19.9,19.4,17.6,19.6,19.7,19.7,20.0,23.5,25.6,27.0,26.4,30.6,30.6,31.6,28.9,31.5,31.4,31.3,31.2,33.7,33.7,36.8,29.0,29.8,29.8,29.4,29.6,29.8,42.2,42.2,41.7,41.1,42.9,31.2,33.2,31.7,32.6,32.6,31.8,29.6,30.4,36.5,38.0,38.1,36.9,37.6,37.2,37.2,38.3,31.8,32.7,38.0,37.2,38.5,46.8,51.5,27.9,28.5,33.7,34.4,34.2,33.6,40.1,41.0,41.2,41.1,41.1,29.9,31.0,18.3,18.9,18.9,18.9,18.9,18.9,21.5,36.2,36.5,35.7,35.7,36.4,36.3,36.3,35.8
13,34.9,35.4,34.7,34.4,35.0,36.9,37.6,37.2,36.9,37.9,31.9,32.2,32.2,32.2,31.4,37.1,50.2,63.1,36.8,37.3,37.1,37.3,37.3,37.3,36.2,31.1,32.4,32.4,32.4,32.5,28.6,29.9,29.9,29.8,40.3,43.6,52.8,19.0,19.3,19.4,20.1,29.3,30.1,30.1,29.0,19.1,19.3,19.6,19.6,19.6,19.6,19.6,19.6,19.6,19.6,36.7,37.5,36.8,29.1,32.0,33.4,34.4,34.9,32.5,33.7,33.4,33.2,37.2,38.6,40.7,30.3,31.8,31.1,31.1,30.8,39.4,56.7,28.5,30.7,40.9,41.6,41.5,43.9,53.2,33.9,34.4,34.2,35.4,32.6,36.9,34.3,34.0,19.5,19.9,19.9,19.9,19.9,19.9,19.9,19.9,20.0,29.7,32.8,32.0,31.4,33.4,34.1,33.8,33.8,33.7,49.1,72.4,111.3,213.4,293.2,30.4,31.0,31.0,31.7,30.9,31.6,31.3,30.8,18.6,19.1,19.1,19.1,19.1,19.1,18.5,30.0,31.1,31.2,32.2,19.8,20.1,20.1,20.1,20.0,19.4,19.1,19.9,20.1,20.0,20.0,20.0,20.0,20.1,64.6,88.0,109.7,102.2,19.4,19.2,19.7,19.7,19.7,19.7,19.7,19.7,19.7,19.7,30.9,31.6,31.6,32.7,37.7,38.0,38.0,37.5,38.4,30.5,30.7,34.3,47.6,62.1,69.4,36.9,37.4,37.5,37.5,38.9,29.6,30.2,30.2,29.8,30.5,31.8,31.0,31.6,31.6,31.4,52.8,74.6,83.8,70.1,22.4,22.7,36.5,37.3,37.3,37.3,37.2,37.3,38.1,37.8,38.2,41.6,32.8,40.9,50.3,45.4,22.3,23.4,33.1,33.3,33.3,19.2,19.6,19.6,19.2,57.0,87.0,104.9,19.5,19.9,19.9,21.5,23.1,23.8,26.2,35.1,29.3,29.9,29.9,29.5,38.0,41.5,43.7,28.7,29.4,29.4,25.9,19.8,19.8,19.8,19.8,19.9,19.9,19.9,19.9,19.4,17.6,19.6,19.7,19.7,20.0,23.5,25.6,27.0,26.4,30.6,30.6,31.6,28.9,31.5,31.4,31.3,31.2,33.7,33.7,36.8,29.0,29.8,29.8,29.4,29.6,29.8,42.2,42.2,41.7,41.1,42.9,31.2,33.2,31.7,32.6,32.6,31.8,29.6,30.4,36.5,38.0,38.1,36.9,37.6,37.2,37.2,38.3,31.8,32.7,38.0,37.2,38.5,46.7,51.4,27.9,28.5,33.7,34.4,34.2,33.6,40.1,41.0,41.2,41.1,41.1,29.9,31.0,18.3,18.9,18.9,18.9,18.9,18.9,21.5,36.2,36.5,35.7,35.7,36.4,36.3,36.3,35.8
14,34.9,35.4,34.7,34.4,35.0,36.9,37.6,37.2,36.9,37.9,31.9,32.2,32.2,32.2,31.4,37.1,50.1,63.0,36.8,37.3,37.1,37.3,37.3,37.3,36.2,31.1,32.4,32.4,32.4,32.5,28.6,29.9,29.9,29.8,40.3,43.6,52.8,19.0,19.3,19.4,20.1,29.3,30.1,30.1,29.0,19.1,19.3,19.6,19.6,19.6,19.6,19.6,19.6,19.6,19.6,36.7,37.5,36.8,29.1,32.0,33.4,34.4,34.9,32.5,33.7,33.4,33.2,37.2,38.6,40.7,30.3,31.8,31.1,31.1,30.8,39.4,56.7,28.5,30.7,40.9,41.6,41.5,43.9,53.1,33.9,34.4,34.2,35.4,32.6,36.9,34.3,34.0,19.5,19.9,19.9,19.9,19.9,19.9,19.9,19.9,20.0,29.7,32.8,32.0,31.4,33.4,34.1,33.8,33.8,33.7,49.0,72.3,111.1,213.4,293.6,30.4,31.0,31.0,31.7,30.9,31.6,31.3,30.8,18.6,19.1,19.1,19.1,19.1,19.1,18.5,30.0,31.1,31.2,32.2,19.8,20.1,20.1,20.1,20.0,19.4,19.1,19.9,20.1,20.0,20.0,20.0,20.0,20.1,64.5,87.9,109.7,102.2,19.4,19.2,19.7,19.7,19.7,19.7,19.7,19.7,19.7,19.7,30.9,31.6,31.6,32.7,37.7,38.0,38.0,37.5,38.4,30.5,30.7,34.3,47.5,62.0,69.2,36.9,37.4,37.5,37.5,38.9,29.6,30.2,30.2,29.8,30.5,31.8,31.0,31.6,31.6,31.4,52.7,74.4,83.5,69.9,22.4,22.7,36.5,37.3,37.3,37.3,37.2,37.3,38.1,37.8,38.2,41.6,32.8,40.9,50.4,45.5,22.3,23.4,33.1,33.3,33.3,19.2,19.6,19.6,19.2,57.0,87.1,105.0,19.5,19.9,19.9,21.5,23.1,23.8,26.2,35.1,29.3,29.9,29.9,29.5,38.0,41.5,43.7,28.7,29.4,29.4,25.9,19.8,19.8,19.8,19.8,19.9,19.9,19.9,19.9,19.4,17.6,19.6,19.7,19.7,20.0,23.5,25.6,27.0,26.4,30.6,30.6,31.6,28.9,31.5,31.4,31.3,31.2,33.7,33.7,36.8,29.0,29.8,29.8,29.4,29.6,29.8,42.2,42.2,41.7,41.1,42.9,31.2,33.2,31.7,32.6,32.6,31.8,29.6,30.4,36.5,38.0,38.1,36.9,37.6,37.2,37.2,38.3,31.8,32.7,38.0,37.2,38.5,46.6,51.3,27.9,28.5,33.7,34.4,34.2,33.6,40.1,41.0,41.2,41.1,41.1,29.9,31.0,18.3,18.9,18.9,18.9,18.9,18.9,21.5,36.2,36.5,35.7,35.7,36.4,36.3,36.3,35.8
15,34.9,35.4,34.7,34.4,35.0,36.9,37.6,37.2,36.9,37.9,31.9,32.2,32.2,32.2,31.4,37.1,50.1,63.0,36.8,37.3,37.1,37.3,37.3,37.3,36.2,31.1,32.4,32.4,32.4,32.5,28.6,29.9,29.9,29.8,40.3,43.6,52.8,19.0,19.3,19.4,20.1,29.3,30.1,30.1,29.0,19.1,19.3,19.6,19.6,19.6,19.6,19.6,19.6,19.6,19.6,36.7,37.5,36.8,29.1,32.0,33.4,34.4,34.9,32.5,33.7,33.4,33.2,37.2,38.6,40.7,30.3,31.8,31.1,31.1,30.8,39.4,56.7,28.5,30.7,40.9,41.6,41.5,43.9,53.0,33.9,34.4,34.2,35.4,32.6,36.9,34.3,34.0,19.5,19.9,19.9,19.9,19.9,19.9,19.9,19.9,20.0,29.7,32.8,32.0,31.4,33.4,34.1,33.8,33.8,33.7,48.9,72.2,111.0,213.4,293.9,30.4,31.0,31.0,31.7,30.9,31.6,31.3,30.8,18.6,19.1,19.1,19.1,19.1,19.1,18.5,30.0,31.1,31.2,32.2,19.8,20.1,20.1,20.1,20.0,19.4,19.1,19.9,20.1,20.0,20.0,20.0,20.0,20.1,64.5,87.9,109.7,102.2,19.4,19.2,19.7,19.7,19.7,19.7,19.7,19.7,19.7,19.7,30.9,31.6,31.6,32.7,37.7,38.0,38.0,37.5,38.4,30.5,30.7,34.3,47.4,61.9,69.0,36.9,37.4,37.5,37.5,38.9,29.6,30.2,30.2,29.8,30.5,31.8,31.0,31.6,31.6,31.4,52.6,74.2,83.3,69.7,22.4,22.7,36.5,37.3,37.3,37.3,37.2,37.3,38.1,37.8,38.2,41.6,32.8,40.9,50.5,45.6,22.3,23.4,33.1,33.3,33.3,19.2,19.6,19.6,19.2,56.9,87.1,105.0,19.5,19.9,19.9,21.5,23.1,23.8,26.2,35.1,29.3,29.9,29.9,29.5,38.0,41.5,43.7,28.7,29.4,29.4,25.9,19.8,19.8,19.8,19.8,19.9,19.9,19.9,19.9,19.4,17.6,19.6,19.7,19.7,20.0,23.5,25.6,27.0,26.4,30.6,30.6,31.6,28.9,31.5,31.4,31.3,31.2,33.7,33.7,36.8,29.0,29.8,29.8,29.4,29.6,29.8,42.2,42.2,41.7,41.1,42.9,31.2,33.2,31.7,32.6,32.6,31.8,29.6,30.4,36.5,38.0,38.1,36.9,37.6,37.2,37.2,38.3,31.8,32.7,38.0,37.2,38.5,46.6,51.2,27.9,28.5,33.7,34.4,34.2,33.6,40.1,41.0,41.2,41.1,41.1,29.9,31.0,18.3,18.9,18.9,18.9,18.9,18.9,21.5,36.2,36.5,35.7,35.7,36.4,36.3,36.3,35.8
16,34.9,35.4,34.7,34.4,35.0,36.9,37.6,37.2,36.9,37.9,31.9,32.2,32.2,32.2,31.4,37.1,50.1,63.0,36.8,37.3,37.1,37.3,37.3,37.3,36.2,31.1,32.4,32.4,32.4,32.5,28.6,29.9,29.9,29.8,40.3,43.6,52.8,19.0,19.3,19.4,20.1,29.3,30.1,30.1,29.0,19.1,19.3,19.6,19.6,19.6,19.6,19.6,19.6,19.6,19.6,36.7,37.5,36.8,29.1,32.0,33.4,34.4,34.9,32.5,33.7,33.4,33.2,37.2,38.6,40.7,30.3,31.8,31.1,31.1,30.8,39.4,56.7,28.5,30.7,40.9,41.6,41.5,43.9,52.9,33.9,34.4,34.2,35.4,32.6,36.9,34.3,34.0,19.5,19.9,19.9,19.9,19.9,19.9,19.9,19.9,20.0,29.7,32.8,32.0,31.4,33.4,34.1,33.8,33.8,33.7,48.9,72.1,110.9,213.4,294.2,30.4,31.0,31.0,31.7,30.9,31.6,31.3,30.8,18.6,19.1,19.1,19.1,19.1,19.1,18.5,30.0,31.1,31.2,32.2,19.8,20.1,20.1,20.1,20.0,19.4,19.1,19.9,20.1,20.0,20.0,20.0,20.0,20.1,64.5,87.9,109.7,102.2,19.4,19.2,19.7,19.7,19.7,19.7,19.7,19.7,19.7,19.7,30.9,31.6,31.6,32.7,37.7,38.0,38.0,37.5,38.4,30.5,30.7,34.3,47.3,61.8,68.9,36.9,37.4,37.5,37.5,38.9,29.6,30.2,30.2,29.8,30.5,31.8,31.0,31.6,31.6,31.4,52.5,74.0,83.1,69.5,22.4,22.7,36.5,37.3,37.3,37.3,37.2,37.3,38.1,37.8,38.2,41.6,32.8,40.9,50.6,45.7,22.3,23.4,33.1,33.3,33.3,19.2,19.6,19.6,19.2,56.9,87.1,105.0,19.5,19.9,19.9,21.5,23.1,23.8,26.2,35.1,29.3,29.9,29.9,29.5,38.0,41.5,43.7,28.7,29.4,29.4,25.9,19.8,19.8,19.8,19.8,19.9,19.9,19.9,19.9,19.4,17.6,19.6,19.7,19.7,20.0,23.5,25.6,27.0,26.4,30.6,30.6,31.6,28.9,31.5,31.4,31.3,31.2,33.7,33.7,36.8,29.0,29.8,29.8,29.4,29.6,29.8,42.2,42.2,41.7,41.1,42.9,31.2,33.2,31.7,32.6,32.6,31.8,29.6,30.4,36.5,38.0,38.1,36.9,37.6,37.2,37.2,38.3,31.8,32.7,38.0,37.2,38.5,46.6,51.1,27.9,28.5,33.7,34.4,34.2,33.6,40.1,41.0,41.2,41.1,41.1,29.9,31.0,18.3,18.9,18.9,18.9,18.9,18.9,21.5,36.2,36.5,35.7,35.7,36.4,36.3,36.3,35.8
17,34.9,35.4,34.7,34.4,35.0,36.9,37.6,37.2,36.9,37.9,31.9,32.2,32.2,32.2,31.4,37.1,50.1,63.0,36.8,37.3,37.1,37.3,37.3,37.3,36.2,31.1,32.4,32.4,32.4,32.5,28.6,29.9,29.9,29.8,40.3,43.6,52.8,19.0,19.3,19.4,20.1,29.3,30.1,30.1,29.0,19.1,19.3,19.6,19.6,19.6,19.6,19.6,19.6,19.6,19.6,36.7,37.5,36.8,29.1,32.0,33.4,34.4,34.9,32.5,33.7,33.4,33.2,37.2,38.6,40.7,30.3,31.8,31.1,31.1,30.8,39.4,56.7,28.5,30.7,40.9,41.6,41.5,43.9,52.9,33.9,34.4,34.2,35.4,32.6,36.9,34.3,34.0,19.5,19.9,19.9,19.9,19.9,19.9,19.9,19.9,20.0,29.7,32.8,32.0,31.4,33.4,34.1,33.8,33.8,33.7,48.9,72.0,110.8,213.5,294.5,30.4,31.0,31.0,31.7,30.9,31.6,31.3,30.8,18.6,19.1,19.1,19.1,19.1,19.1,18.5,30.0,31.1,31.2,32.2,19.8,20.1,20.1,20.1,20.0,19.4,19.1,19.9,20.1,20.0,20.0,20.0,20.0,20.1,64.5,87.9,109.7,102.2,19.4,19.2,19.7,19.7,19.7,19.7,19.7,19.7,19.7,19.7,30.9,31.6,31.6,32.7,37.7,38.0,38.0,37.5,38.4,30.5,30.7,34.3,47.3,61.7,68.8,36.9,37.4,37.5,37.5,38.9,29.6,30.2,30.2,29.8,30.5,31.8,31.0,31.6,31.6,31.4,52.4,73.8,82.9,69.4,22.4,22.7,36.5,37.3,37.3,37.3,37.2,37.3,38.1,37.8,38.2,41.6,32.8,40.9,50.7,45.8,22.3,23.4,33.1,33.3,33.3,19.2,19.6,19.6,19.2,56.9,87.1,105.0,19.5,19.9,19.9,21.5,23.1,23.8,26.2,35.1,29.3,29.9,29.9,29.5,38.0,41.5,43.7,28.7,29.4,29.4,25.9,19.8,19.8,19.8,19.8,19.9,19.9,19.9,19.9,19.4,17.6,19.6,19.7,19.7,20.0,23.5,25.6,27.0,26.4,30.6,30.6,31.6,28.9,31.5,31.4,31.3,31.2,33.7,33.7,36.8,29.0,29.8,29.8,29.4,29.6,29.8,42.2,42.2,41.7,41.1,42.9,31.2,33.2,31.7,32.6,32.6,31.8,29.6,30.4,36.5,38.0,38.1,36.9,37.6,37.2,37.2,38.3,31.8,32.7,38.0,37.2,38.5,46.6,51.0,27.9,28.5,33.7,34.4,34.2,33.6,40.1,41.0,41.2,41.1,41.1,29.9,31.0,18.3,18.9,18.9,18.9,18.9,18.9,21.5,36.2,36.5,35.7,35.7,36.4,36.3,36.3,35.8
18,34.9,35.4,34.7,34.4,35.0,36.9,37.6,37.2,36.9,37.9,31.9,32.2,32.2,32.2,31.4,37.1,50.1,63.0,36.8,37.3,37.1,37.3,37.3,37.3,36.2,31.1,32.4,32.4,32.4,32.5,28.6,29.9,29.9,29.8,40.3,43.6,52.8,19.0,19.3,19.4,20.1,29.3,30.1,30.1,29.0,19.1,19.3,19.6,19.6,19.6,19.6,19.6,19.6,19.6,19.6,36.7,37.5,36.8,29.1,32.0,33.4,34.4,34.9,32.5,33.7,33.4,33.2,37.2,38.6,40.7,30.3,31.8,31.1,31.1,30.8,39.4,56.7,28.5,30.7,40.9,41.6,41.5,43.9,52.9,33.9,34.4,34.2,35.4,32.6,36.9,34.3,34.0,19.5,19.9,19.9,19.9,19.9,19.9,19.9,19.9,20.0,29.7,32.8,32.0,31.4,33.4,34.1,33.8,33.8,33.7,48.9,71.9,110.7,213.5,294.7,30.4,31.0,31.0,31.7,30.9,31.6,31.3,30.8,18.6,19.1,19.1,19.1,19.1,19.1,18.5,30.0,31.1,31.2,32.2,19.8,20.1,20.1,20.1,20.0,19.4,19.1,19.9,20.1,20.0,20.0,20.0,20.0,20.1,64.5,87.9,109.7,102.2,19.4,19.2,19.7,19.7,19.7,19.7,19.7,19.7,19.7,19.7,30.9,31.6,31.6,32.7,37.7,38.0,38.0,37.5,38.4,30.5,30.7,34.3,47.3,61.6,68.7,36.9,37.4,37.5,37.5,38.9,29.6,30.2,30.2,29.8,30.5,31.8,31.0,31.6,31.6,31.4,52.3,73.7,82.7,69.3,22.4,22.7,36.5,37.3,37.3,37.3,37.2,37.3,38.1,37.8,38.2,41.6,32.8,40.9,50.8,45.9,22.3,23.4,33.1,33.3,33.3,19.2,19.6,19.6,19.2,56.9,87.1,105.0,19.5,19.9,19.9,21.5,23.1,23.8,26.2,35.1,29.3,29.9,29.9,29.5,38.0,41.5,43.7,28.7,29.4,29.4,25.9,19.8,19.8,19.8,19.8,19.9,19.9,19.9,19.9,19.4,17.6,19.6,19.7,19.7,20.0,23.5,25.6,27.0,26.4,30.6,30.6,31.6,28.9,31.5,31.4,31.3,31.2,33.7,33.7,36.8,29.0,29.8,29.8,29.4,29.6,29.8,42.2,42.2,41.7,41.1,42.9,31.2,33.2,31.7,32.6,32.6,31.8,29.6,30.4,36.5,38.0,38.1,36.9,37.6,37.2,37.2,38.3,31.8,32.7,38.0,37.2,38.5,46.6,51.0,27.9,28.5,33.7,34.4,34.2,33.6,40.1,41.0,41.2,41.1,41.1,29.9,31.0,18.3,18.9,18.9,18.9,18.9,18.9,21.5,36.2,36.5,35.7,35.7,36.4,36.3,36.3,35.8
19,34.9,35.4,34.7,34.4,35.0,36.9,37.6,37.2,36.9,37.9,31.9,32.2,32.2,32.2,31.4,37.1,50.1,63.0,36.8,37.3,37.1,37.3,37.3,37.3,36.2,31.1,32.4,32.4,32.4,32.5,28.6,29.9,29.9,29.8,40.3,43.6,52.8,19.0,19.3,19.4,20.1,29.3,30.1,30.1,29.0,19.1,19.3,19.6,19.6,19.6,19.6,19.6,19.6,19.6,19.6,36.7,37.5,36.8,29.1,32.0,33.4,34.4,34.9,32.5,33.7,33.4,33.2,37.2,38.6,40.7,30.3,31.8,31.1,31.1,30.8,39.4,56.7,28.5,30.7,40.9,41.6,41.5,43.9,52.9,33.9,34.4,34.2,35.4,32.6,36.9,34.3,34.0,19.5,19.9,19.9,19.9,19.9,19.9,19.9,19.9,20.0,29.7,32.8,32.0,31.4,33.4,34.1,33.8,33.8,33.7,48.9,71.8,110.7,213.5,294.9,30.4,31.0,31.0,31.7,30.9,31.6,31.3,30.8,18.6,19.1,19.1,19.1,19.1,19.1,18.5,30.0,31.1,31.2,32.2,19.8,20.1,20.1,20.1,20.0,19.4,19.1,19.9,20.1,20.0,20.0,20.0,20.0,20.1,64.5,87.9,109.7,102.2,19.4,19.2,19.7,19.7,19.7,19.7,19.7,19.7,19.7,19.7,30.9,31.6,31.6,32.7,37.7,38.0,38.0,37.5,38.4,30.5,30.7,34.3,47.3,61.5,68.6,36.9,37.4,37.5,37.5,38.9,29.6,30.2,30.2,29.8,30.5,31.8,31.0,31.6,31.6,31.4,52.2,73.6,82.6,69.2,22.4,22.7,36.5,37.3,37.3,37.3,37.2,37.3,38.1,37.8,38.2,41.6,32.8,40.9,50.8,45.9,22.3,23.4,33.1,33.3,33.3,19.2,19.6,19.6,19.2,56.9,87.1,105.0,19.5,19.9,19.9,21.5,23.1,23.8,26.2,35.1,29.3,29.9,29.9,29.5,38.0,41.5,43.7,28.7,29.4,29.4,25.9,19.8,19.8,19.8,19.8,19.9,19.9,19.9,19.9,19.4,17.6,19.6,19.7,19.7,20.0,23.5,25.6,27.0,26.4,30.6,30.6,31.6,28.9,31.5,31.4,31.3,31.2,33.7,33.7,36.8,29.0,29.8,29.8,29.4,29.6,29.8,42.2,42.2,41.7,41.1,42.9,31.2,33.2,31.7,32.6,32.6,31.8,29.6,30.4,36.5,38.0,38.1,36.9,37.6,37.2,37.2,38.3,31.8,32.7,38.0,37.2,38.5,46.6,51.0,27.9,28.5,33.7,34.4,34.2,33.6,40.1,41.0,41.2,41.1,41.1,29.9,31.0,18.3,18.9,18.9,18.9,18.9,18.9,21.5,36.2,36.5,35.7,35.7,36.4,36.3,36.3,35.8
20,34.9,35.4,34.7,34.4,35.0,36.9,37.6,37.2,36.9,37.9,31.9,32.2,32.2,32.2,31.4,37.1,50.1,63.0,36.8,37.3,37.1,37.3,37.3,37.3,36.2,31.1,32.4,32.4,32.4,32.5,28.6,29.9,29.9,29.8,40.3,43.6,52.8,19.0,19.3,19.4,20.1,29.3,30.1,30.1,29.0,19.1,19.3,19.6,19.6,19.6,19.6,19.6,19.6,19.6,19.6,36.7,37.5,36.8,29.1,32.0,33.4,34.4,34.9,32.5,33.7,33.4,33.2,37.2,38.6,40.7,30.3,31.8,31.1,31.1,30.8,39.4,56.7,28.5,30.7,40.9,41.6,41.5,43.9,52.9,33.9,34.4,34.2,35.4,32.6,36.9,34.3,34.0,19.5,19.9,19.9,19.9,19.9,19.9,19.9,19.9,20.0,29.7,32.8,32.0,31.4,33.4,34.1,33.8,33.8,33.7,48.9,71.7,110.7,213.5,295.1,30.4,31.0,31.0,31.7,30.9,31.6,31.3,30.8,18.6,19.1,19.1,19.1,19.1,19.1,18.5,30.0,31.1,31.2,32.2,19.8,20.1,20.1,20.1,20.0,19.4,19.1,19.9,20.1,20.0,20.0,20.0,20.0,20.1,64.5,87.9,109.7,102.2,19.4,19.2,19.7,19.7,19.7,19.7,19.7,19.7,19.7,19.7,30.9,31.6,31.6,32.7,37.7,38.0,38.0,37.5,38.4,30.5,30.7,34.3,47.3,61.4,68.5,36.9,37.4,37.5,37.5,38.9,29.6,30.2,30.2,29.8,30.5,31.8,31.0,31.6,31.6,31.4,52.1,73.5,82.5,69.1,22.4,22.7,36.5,37.3,37.3,37.3,37.2,37.3,38.1,37.8,38.2,41.6,32.8,40.9,50.8,45.9,22.3,23.4,33.1,33.3,33.3,19.2,19.6,19.6,19.2,56.9,87.1,105.0,19.5,19.9,19.9,21.5,23.1,23.8,26.2,35.1,29.3,29.9,29.9,29.5,38.0,41.5,43.7,28.7,29.4,29.4,25.9,19.8,19.8,19.8,19.8,19.9,19.9,19.9,19.9,19.4,17.6,19.6,19.7,19.7,20.0,23.5,25.6,27.0,26.4,30.6,30.6,31.6,28.9,31.5,31.4,31.3,31.2,33.7,33.7,36.8,29.0,29.8,29.8,29.4,29.6,29.8,42.2,42.2,41.7,41.1,42.9,31.2,33.2,31.7,32.6,32.6,31.8,29.6,30.4,36.5,38.0,38.1,36.9,37.6,37.2,37.2,38.3,31.8,32.7,38.0,37.2,38.5,46.6,51.0,27.9,28.5,33.7,34.4,34.2,33.6,40.1,41.0,41.2,41.1,41.1,29.9,31.0,18.3,18.9,18.9,18.9,18.9,18.9,21.5,36.2,36.5,35.7,35.7,36.4,36.3,36.3,35.8
21,34.9,35.4,34.7,34.4,35.0,36.9,37.6,37.2,36.9,37.9,31.9,32.2,32.2,32.2,31.4,37.1,50.1,63.0,36.8,37.3,37.1,37.3,37.3,37.3,36.2,31.1,32.4,32.4,32.4,32.5,28.6,29.9,29.9,29.8,40.3,43.6,52.8,19.0,19.3,19.4,20.1,29.3,30.1,30.1,29.0,19.1,19.3,19.6,19.6,19.6,19.6,19.6,19.6,19.6,19.6,36.7,37.5,36.8,29.1,32.0,33.4,34.4,34.9,32.5,33.7,33.4,33.2,37.2,38.6,40.7,30.3,31.8,31.1,31.1,30.8,39.4,56.7,28.5,30.7,40.9,41.6,41.5,43.9,52.9,33.9,34.4,34.2,35.4,32.6,36.9,34.3,34.0,19.5,19.9,19.9,19.9,19.9,19.9,19.9,19.9,20.0,29.7,32.8,32.0,31.4,33.4,34.1,33.8,33.8,33.7,48.9,71.6,110.6,213.6,295.3,30.4,31.0,31.0,31.7,30.9,31.6,31.3,30.8,18.6,19.1,19.1,19.1,19.1,19.1,18.5,30.0,31.1,31.2,32.2,19.8,20.1,20.1,20.1,20.0,19.4,19.1,19.9,20.1,20.0,20.0,20.0,20.0,20.1,64.5,87.9,109.7,102.2,19.4,19.2,19.7,19.7,19.7,19.7,19.7,19.7,19.7,19.7,30.9,31.6,31.6,32.7,37.7,38.0,38.0,37.5,38.4,30.5,30.7,34.3,47.3,61.3,68.4,36.9,37.4,37.5,37.5,38.9,29.6,30.2,30.2,29.8,30.5,31.8,31.0,31.6,31.6,31.4,52.0,73.4,82.4,69.0,22.4,22.7,36.5,37.3,37.3,37.3,37.2,37.3,38.1,37.8,38.2,41.6,32.8,40.9,50.8,45.9,22.3,23.4,33.1,33.3,33.3,19.2,19.6,19.6,19.2,56.8,87.0,104.9,19.5,19.9,19.9,21.5,23.1,23.8,26.2,35.1,29.3,29.9,29.9,29.5,38.0,41.5,43.7,28.7,29.4,29.4,25.9,19.8,19.8,19.8,19.8,19.9,19.9,19.9,19.9,19.4,17.6,19.6,19.7,19.7,20.0,23.5,25.6,27.0,26.4,30.6,30.6,31.6,28.9,31.5,31.4,31.3,31.2,33.7,33.7,36.8,29.0,29.8,29.8,29.4,29.6,29.8,42.2,42.2,41.7,41.1,42.9,31.2,33.2,31.7,32.6,32.6,31.8,29.6,30.4,36.5,38.0,38.1,36.9,37.6,37.2,37.2,38.3,31.8,32.7,38.0,37.2,38.5,46.6,51.0,27.9,28.5,33.7,34.4,34.2,33.6,40.1,41.0,41.2,41.1,41.1,29.9,31.0,18.3,18.9,18.9,18.9,18.9,18.9,21.5,36.2,36.5,35.7,35.7,36.4,36.3,36.3,35.8
22,34.9,35.4,34.7,34.4,35.0,36.9,37.6,37.2,36.9,37.9,31.9,32.2,32.2,32.2,31.4,37.1,50.1,63.0,36.8,37.3,37.1,37.3,37.3,37.3,36.2,31.1,32.4,32.4,32.4,32.5,28.6,29.9,29.9,29.8,40.3,43.6,52.8,19.0,19.3,19.4,20.1,29.3,30.1,30.1,29.0,19.1,19.3,19.6,19.6,19.6,19.6,19.6,19.6,19.6,19.6,36.7,37.5,36.8,29.1,32.0,33.4,34.4,34.9,32.5,33.7,33.4,33.2,37.2,38.6,40.7,30.3,31.8,31.1,31.1,30.8,39.4,56.7,28.5,30.7,40.9,41.6,41.5,43.9,52.9,33.9,34.4,34.2,35.4,32.6,36.9,34.3,34.0,19.5,19.9,19.9,19.9,19.9,19.9,19.9,19.9,20.0,29.7,32.8,32.0,31.4,33.4,34.1,33.8,33.8,33.7,48.9,71.5,110.6,213.7,295.5,30.4,31.0,31.0,31.7,30.9,31.6,31.3,30.8,18.6,19.1,19.1,19.1,19.1,19.1,18.5,30.0,31.1,31.2,32.2,19.8,20.1,20.1,20.1,20.0,19.4,19.1,19.9,20.1,20.0,20.0,20.0,20.0,20.1,64.5,87.9,109.7,102.2,19.4,19.2,19.7,19.7,19.7,19.7,19.7,19.7,19.7,19.7,30.9,31.6,31.6,32.7,37.7,38.0,38.0,37.5,38.4,30.5,30.7,34.3,47.3,61.2,68.3,36.9,37.4,37.5,37.5,38.9,29.6,30.2,30.2,29.8,30.5,31.8,31.0,31.6,31.6,31.4,52.0,73.3,82.3,68.9,22.4,22.7,36.5,37.3,37.3,37.3,37.2,37.3,38.1,37.8,38.2,41.6,32.8,40.9,50.8,45.9,22.3,23.4,33.1,33.3,33.3,19.2,19.6,19.6,19.2,56.8,87.0,104.9,19.5,19.9,19.9,21.5,23.1,23.8,26.2,35.1,29.3,29.9,29.9,29.5,38.0,41.5,43.7,28.7,29.4,29.4,25.9,19.8,19.8,19.8,19.8,19.9,19.9,19.9,19.9,19.4,17.6,19.6,19.7,19.7,20.0,23.5,25.6,27.0,26.4,30.6,30.6,31.6,28.9,31.5,31.4,31.3,31.2,33.7,33.7,36.8,29.0,29.8,29.8,29.4,29.6,29.8,42.2,42.2,41.7,41.1,42.9,31.2,33.2,31.7,32.6,32.6,31.8,29.6,30.4,36.5,38.0,38.1,36.9,37.6,37.2,37.2,38.3,31.8,32.7,38.0,37.2,38.5,46.6,51.0,27.9,28.5,33.7,34.4,34.2,33.6,40.1,41.0,41.2,41.1,41.1,29.9,31.0,18.3,18.9,18.9,18.9,18.9,18.9,21.5,36.2,36.5,35.7,35.7,36.4,36.3,36.3,35.8
23,34.9,35.4,34.7,34.4,35.0,36.9,37.6,37.2,36.9,37.9,31.9,32.2,32.2,32.2,31.4,37.1,50.1,63.0,36.8,37.3,37.1,37.3,37.3,37.3,36.2,31.1,32.4,32.4,32.4,32.5,28.6,29.9,29.9,29.8,40.3,43.6,52.8,19.0,19.3,19.4,20.1,29.3,30.1,30.1,29.0,19.1,19.3,19.6,19.6,19.6,19.6,19.6,19.6,19.6,19.6,36.7,37.5,36.8,29.1,32.0,33.4,34.4,34.9,32.5,33.7,33.4,33.2,37.2,38.6,40.7,30.3,31.8,31.1,31.1,30.8,39.4,56.7,28.5,30.7,40.9,41.6,41.5,43.9,52.9,33.9,34.4,34.2,35.4,32.6,36.9,34.3,34.0,19.5,19.9,19.9,19.9,19.9,19.9,19.9,19.9,20.0,29.7,32.8,32.0,31.4,33.4,34.1,33.8,33.8,33.7,48.9,71.4,110.6,213.8,295.7,30.4,31.0,31.0,31.7,30.9,31.6,31.3,30.8,18.6,19.1,19.1,19.1,19.1,19.1,18.5,30.0,31.1,31.2,32.2,19.8,20.1,20.1,20.1,20.0,19.4,19.1,19.9,20.1,20.0,20.0,20.0,20.0,20.1,64.5,87.9,109.7,102.2,19.4,19.2,19.7,19.7,19.7,19.7,19.7,19.7,19.7,19.7,30.9,31.6,31.6,32.7,37.7,38.0,38.0,37.5,38.4,30.5,30.7,34.3,47.3,61.1,68.2,36.9,37.4,37.5,37.5,38.9,29.6,30.2,30.2,29.8,30.5,31.8,31.0,31.6,31.6,31.4,52.0,73.2,82.2,68.8,22.4,22.7,36.5,37.3,37.3,37.3,37.2,37.3,38.1,37.8,38.2,41.6,32.8,40.9,50.8,45.9,22.3,23.4,33.1,33.3,33.3,19.2,19.6,19.6,19.2,56.8,87.0,104.9,19.5,19.9,19.9,21.5,23.1,23.8,26.2,35.1,29.3,29.9,29.9,29.5,38.0,41.5,43.7,28.7,29.4,29.4,25.9,19.8,19.8,19.8,19.8,19.9,19.9,19.9,19.9,19.4,17.6,19.6,19.7,19.7,20.0,23.5,25.6,27.0,26.4,30.6,30.6,31.6,28.9,31.5,31.4,31.3,31.2,33.7,33.7,36.8,29.0,29.8,29.8,29.4,29.6,29.8,42.2,42.2,41.7,41.1,42.9,31.2,33.2,31.7,32.6,32.6,31.8,29.6,30.4,36.5,38.0,38.1,36.9,37.6,37.2,37.2,38.3,31.8,32.7,38.0,37.2,38.5,46.6,51.0,27.9,28.5,33.7,34.4,34.2,33.6,40.1,41.0,41.2,41.1,41.1,29.9,31.0,18.3,18.9,18.9,18.9,18.9,18.9,21.5,36.2,36.5,35.7,35.7,36.4,36.3,36.3,35.8
24,34.9,35.4,34.7,34.4,35.0,36.9,37.6,37.2,36.9,37.9,31.9,32.2,32.2,32.2,31.4,37.1,50.1,63.0,36.8,37.3,37.1,37.3,37.3,37.3,36.2,31.1,32.4,32.4,32.4,32.5,28.6,29.9,29.9,29.8,40.3,43.6,52.8,19.0,19.3,19.4,20.1,29.3,30.1,30.1,29.0,19.1,19.3,19.6,19.6,19.6,19.6,19.6,19.6,19.6,19.6,36.7,37.5,36.8,29.1,32.0,33.4,34.4,34.9,32.5,33.7,33.4,33.2,37.2,38.6,40.7,30.3,31.8,31.1,31.1,30.8,39.4,56.7,28.5,30.7,40.9,41.6,41.5,43.9,52.9,33.9,34.4,34.2,35.4,32.6,36.9,34.3,34.0,19.5,19.9,19.9,19.9,19.9,19.9,19.9,19.9,20.0,29.7,32.8,32.0,31.4,33.4,34.1,33.8,33.8,33.7,48.9,71.4,110.6,213.9,295.8,30.4,31.0,31.0,31.7,30.9,31.6,31.3,30.8,18.6,19.1,19.1,19.1,19.1,19.1,18.5,30.0,31.1,31.2,32.2,19.8,20.1,20.1,20.1,20.0,19.4,19.1,19.9,20.1,20.0,20.0,20.0,20.0,20.1,64.5,87.9,109.7,102.2,19.4,19.2,19.7,19.7,19.7,19.7,19.7,19.7,19.7,19.7,30.9,31.6,31.6,32.7,37.7,38.0,38.0,37.5,38.4,30.5,30.7,34.3,47.3,61.1,68.1,36.9,37.4,37.5,37.5,38.9,29.6,30.2,30.2,29.8,30.5,31.8,31.0,31.6,31.6,31.4,52.0,73.1,82.1,68.7,22.4,22.7,36.5,37.3,37.3,37.3,37.2,37.3,38.1,37.8,38.2,41.6,32.8,40.9,50.8,45.9,22.3,23.4,33.1,33.3,33.3,19.2,19.6,19.6,19.2,56.8,87.0,104.9,19.5,19.9,19.9,21.5,23.1,23.8,26.2,35.1,29.3,29.9,29.9,29.5,38.0,41.5,43.7,28.7,29.4,29.4,25.9,19.8,19.8,19.8,19.8,19.9,19.9,19.9,19.9,19.4,17.6,19.6,19.7,19.7,20.0,23.5,25.6,27.0,26.4,30.6,30.6,31.6,28.9,31.5,31.4,31.3,31.2,33.7,33.7,36.8,29.0,29.8,29.8,29.4,29.6,29.8,42.2,42.2,41.7,41.1,42.9,31.2,33.2,31.7,32.6,32.6,31.8,29.6,30.4,36.5,38.0,38.1,36.9,37.6,37.2,37.2,38.3,31.8,32.7,38.0,37.2,38.5,46.6,51.0,27.9,28.5,33.7,34.4,34.2,33.6,40.1,41.0,41.2,41.1,41.1,29.9,31.0,18.3,18.9,18.9,18.9,18.9,18.9,21.5,36.2,36.5,35.7,35.7,36.4,36.3,36.3,35.8
25,34.9,35.4,34.7,34.4,35.0,36.9,37.6,37.2,36.9,37.9,31.9,32.2,32.2,32.2,31.4,37.1,50.1,63.0,36.8,37.3,37.1,37.3,37.3,37.3,36.2,31.1,32.4,32.4,32.4,32.5,28.6,29.9,29.9,29.8,40.3,43.6,52.8,19.0,19.3,19.4,20.1,29.3,30.1,30.1,29.0,19.1,19.3,19.6,19.6,19.6,19.6,19.6,19.6,19.6,19.6,36.7,37.5,36.8,29.1,32.0,33.4,34.4,34.9,32.5,33.7,33.4,33.2,37.2,38.6,40.7,30.3,31.8,31.1,31.1,30.8,39.4,56.7,28.5,30.7,40.9,41.6,41.5,43.9,52.9,33.9,34.4,34.2,35.4,32.6,36.9,34.3,34.0,19.5,19.9,19.9,19.9,19.9,19.9,19.9,19.9,20.0,29.7,32.8,32.0,31.4,33.4,34.1,33.8,33.8,33.7,48.9,71.4,110.6,214.0,295.9,30.4,31.0,31.0,31.7,30.9,31.6,31.3,30.8,18.6,19.1,19.1,19.1,19.1,19.1,18.5,30.0,31.1,31.2,32.2,19.8,20.1,20.1,20.1,20.0,19.4,19.1,19.9,20.1,20.0,20.0,20.0,20.0,20.1,64.5,87.9,109.7,102.2,19.4,19.2,19.7,19.7,19.7,19.7,19.7,19.7,19.7,19.7,30.9,31.6,31.6,32.7,37.7,38.0,38.0,37.5,38.4,30.5,30.7,34.3,47.3,61.1,68.0,36.9,37.4,37.5,37.5,38.9,29.6,30.2,30.2,29.8,30.5,31.8,31.0,31.6,31.6,31.4,52.0,73.0,82.0,68.6,22.4,22.7,36.5,37.3,37.3,37.3,37.2,37.3,38.1,37.8,38.2,41.6,32.8,40.9,50.8,45.9,22.3,23.4,33.1,33.3,33.3,19.2,19.6,19.6,19.2,56.8,87.0,104.9,19.5,19.9,19.9,21.5,23.1,23.8,26.2,35.1,29.3,29.9,29.9,29.5,38.0,41.5,43.7,28.7,29.4,29.4,25.9,19.8,19.8,19.8,19.8,19.9,19.9,19.9,19.9,19.4,17.6,19.6,19.7,19.7,20.0,23.5,25.6,27.0,26.4,30.6,30.6,31.6,28.9,31.5,31.4,31.3,31.2,33.7,33.7,36.8,29.0,29.8,29.8,29.4,29.6,29.8,42.2,42.2,41.7,41.1,42.9,31.2,33.2,31.7,32.6,32.6,31.8,29.6,30.4,36.5,38.0,38.1,36.9,37.6,37.2,37.2,38.3,31.8,32.7,38.0,37.2,38.5,46.6,51.0,27.9,28.5,33.7,34.4,34.2,33.6,40.1,41.0,41.2,41.1,41.1,29.9,31.0,18.3,18.9,18.9,18.9,18.9,18.9,21.5,36.2,36.5,35.7,35.7,36.4,36.3,36.3,35.8
26,34.9,35.4,34.7,34.4,35.0,36.9,37.6,37.2,36.9,37.9,31.9,32.2,32.2,32.2,31.4,37.1,50.1,63.0,36.8,37.3,37.1,37.3,37.3,37.3,36.2,31.1,32.4,32.4,32.4,32.5,28.6,29.9,29.9,29.8,40.3,43.6,52.8,19.0,19.3,19.4,20.1,29.3,30.1,30.1,29.0,19.1,19.3,19.6,19.6,19.6,19.6,19.6,19.6,19.6,19.6,36.7,37.5,36.8,29.1,32.0,33.4,34.4,34.9,32.5,33.7,33.4,33.2,37.2,38.6,40.7,30.3,31.8,31.1,31.1,30.8,39.4,56.7,28.5,30.7,40.9,41.6,41.5,43.9,52.9,33.9,34.4,34.2,35.4,32.6,36.9,34.3,34.0,19.5,19.9,19.9,19.9,19.9,19.9,19.9,19.9,20.0,29.7,32.8,32.0,31.4,33.4,34.1,33.8,33.8,33.7,48.9,71.4,110.6,214.1,296.0,30.4,31.0,31.0,31.7,30.9,31.6,31.3,30.8,18.6,19.1,19.1,19.1,19.1,19.1,18.5,30.0,31.1,31.2,32.2,19.8,20.1,20.1,20.1,20.0,19.4,19.1,19.9,20.1,20.0,20.0,20.0,20.0,20.1,64.5,87.9,109.7,102.2,19.4,19.2,19.7,19.7,19.7,19.7,19.7,19.7,19.7,19.7,30.9,31.6,31.6,32.7,37.7,38.0,38.0,37.5,38.4,30.5,30.7,34.3,47.3,61.1,68.0,36.9,37.4,37.5,37.5,38.9,29.6,30.2,30.2,29.8,30.5,31.8,31.0,31.6,31.6,31.4,52.0,72.9,81.9,68.5,22.4,22.7,36.5,37.3,37.3,37.3,37.2,37.3,38.1,37.8,38.2,41.6,32.8,40.9,50.8,45.9,22.3,23.4,33.1,33.3,33.3,19.2,19.6,19.6,19.2,56.8,87.0,104.9,19.5,19.9,19.9,21.5,23.1,23.8,26.2,35.1,29.3,29.9,29.9,29.5,38.0,41.5,43.7,28.7,29.4,29.4,25.9,19.8,19.8,19.8,19.8,19.9,19.9,19.9,19.9,19.4,17.6,19.6,19.7,19.7,20.0,23.5,25.6,27.0,26.4,30.6,30.6,31.6,28.9,31.5,31.4,31.3,31.2,33.7,33.7,36.8,29.0,29.8,29.8,29.4,29.6,29.8,42.2,42.2,41.7,41.1,42.9,31.2,33.2,31.7,32.6,32.6,31.8,29.6,30.4,36.5,38.0,38.1,36.9,37.6,37.2,37.2,38.3,31.8,32.7,38.0,37.2,38.5,46.6,51.0,27.9,28.5,33.7,34.4,34.2,33.6,40.1,41.0,41.2,41.1,41.1,29.9,31.0,18.3,18.9,18.9,18.9,18.9,18.9,21.5,36.2,36.5,35.7,35.7,36.4,36.3,36.3,35.8
27,34.9,35.4,34.7,34.4,35.0,36.9,37.6,37.2,36.9,37.9,31.9,32.2,32.2,32.2,31.4,37.1,50.1,63.0,36.8,37.3,37.1,37.3,37.3,37.3,36.2,31.1,32.4,32.4,32.4,32.5,28.6,29.9,29.9,29.8,40.3,43.6,52.8,19.0,19.3,19.4,20.1,29.3,30.1,30.1,29.0,19.1,19.3,19.6,19.6,19.6,19.6,19.6,19.6,19.6,19.6,36.7,37.5,36.8,29.1,32.0,33.4,34.4,34.9,32.5,33.7,33.4,33.2,37.2,38.6,40.7,30.3,31.8,31.1,31.1,30.8,39.4,56.7,28.5,30.7,40.9,41.6,41.5,43.9,52.9,33.9,34.4,34.2,35.4,32.6,36.9,34.3,34.0,19.5,19.9,19.9,19.9,19.9,19.9,19.9,19.9,20.0,29.7,32.8,32.0,31.4,33.4,34.1,33.8,33.8,33.7,48.9,71.4,110.6,214.1,296.1,30.4,31.0,31.0,31.7,30.9,31.6,31.3,30.8,18.6,19.1,19.1,19.1,19.1,19.1,18.5,30.0,31.1,31.2,32.2,19.8,20.1,20.1,20.1,20.0,19.4,19.1,19.9,20.1,20.0,20.0,20.0,20.0,20.1,64.5,87.9,109.7,102.2,19.4,19.2,19.7,19.7,19.7,19.7,19.7,19.7,19.7,19.7,30.9,31.6,31.6,32.7,37.7,38.0,38.0,37.5,38.4,30.5,30.7,34.3,47.3,61.1,68.0,36.9,37.4,37.5,37.5,38.9,29.6,30.2,30.2,29.8,30.5,31.8,31.0,31.6,31.6,31.4,52.0,72.8,81.8,68.4,22.4,22.7,36.5,37.3,37.3,37.3,37.2,37.3,38.1,37.8,38.2,41.6,32.8,40.9,50.8,45.9,22.3,23.4,33.1,33.3,33.3,19.2,19.6,19.6,19.2,56.8,87.0,104.9,19.5,19.9,19.9,21.5,23.1,23.8,26.2,35.1,29.3,29.9,29.9,29.5,38.0,41.5,43.7,28.7,29.4,29.4,25.9,19.8,19.8,19.8,19.8,19.9,19.9,19.9,19.9,19.4,17.6,19.6,19.7,19.7,20.0,23.5,25.6,27.0,26.4,30.6,30.6,31.6,28.9,31.5,31.4,31.3,31.2,33.7,33.7,36.8,29.0,29.8,29.8,29.4,29.6,29.8,42.2,42.2,41.7,41.1,42.9,31.2,33.2,31.7,32.6,32.6,31.8,29.6,30.4,36.5,38.0,38.1,36.9,37.6,37.2,37.2,38.3,31.8,32.7,38.0,37.2,38.5,46.6,51.0,27.9,28.5,33.7,34.4,34.2,33.6,40.1,41.0,41.2,41.1,41.1,29.9,31.0,18.3,18.9,18.9,18.9,18.9,18.9,21.5,36.2,36.5,35.7,35.7,36.4,36.3,36.3,35.8
28,34.9,35.4,34.7,34.4,35.0,36.9,37.6,37.2,36.9,37.9,31.9,32.2,32.2,32.2,31.4,37.1,50.1,63.0,36.8,37.3,37.1,37.3,37.3,37.3,36.2,31.1,32.4,32.4,32.4,32.5,28.6,29.9,29.9,29.8,40.3,43.6,52.8,19.0,19.3,19.4,20.1,29.3,30.1,30.1,29.0,19.1,19.3,19.6,19.6,19.6,19.6,19.6,19.6,19.6,19.6,36.7,37.5,36.8,29.1,32.0,33.4,34.4,34.9,32.5,33.7,33.4,33.2,37.2,38.6,40.7,30.3,31.8,31.1,31.1,30.8,39.4,56.7,28.5,30.7,40.9,41.6,41.5,43.9,52.9,33.9,34.4,34.2,35.4,32.6,36.9,34.3,34.0,19.5,19.9,19.9,19.9,19.9,19.9,19.9,19.9,20.0,29.7,32.8,32.0,31.4,33.4,34.1,33.8,33.8,33.7,48.9,71.4,110.6,214.1,296.2,30.4,31.0,31.0,31.7,30.9,31.6,31.3,30.8,18.6,19.1,19.1,19.1,19.1,19.1,18.5,30.0,31.1,31.2,32.2,19.8,20.1,20.1,20.1,20.0,19.4,19.1,19.9,20.1,20.0,20.0,20.0,20.0,20.1,64.5,87.9,109.7,102.2,19.4,19.2,19.7,19.7,19.7,19.7,19.7,19.7,19.7,19.7,30.9,31.6,31.6,32.7,37.7,38.0,38.0,37.5,38.4,30.5,30.7,34.3,47.3,61.1,68.0,36.9,37.4,37.5,37.5,38.9,29.6,30.2,30.2,29.8,30.5,31.8,31.0,31.6,31.6,31.4,52.0,72.7,81.7,68.4,22.4,22.7,36.5,37.3,37.3,37.3,37.2,37.3,38.1,37.8,38.2,41.6,32.8,40.9,50.8,45.9,22.3,23.4,33.1,33.3,33.3,19.2,19.6,19.6,19.2,56.8,87.0,104.9,19.5,19.9,19.9,21.5,23.1,23.8,26.2,35.1,29.3,29.9,29.9,29.5,38.0,41.5,43.7,28.7,29.4,29.4,25.9,19.8,19.8,19.8,19.8,19.9,19.9,19.9,19.9,19.4,17.6,19.6,19.7,19.7,20.0,23.5,25.6,27.0,26.4,30.6,30.6,31.6,28.9,31.5,31.4,31.3,31.2,33.7,33.7,36.8,29.0,29.8,29.8,29.4,29.6,29.8,42.2,42.2,41.7,41.1,42.9,31.2,33.2,31.7,32.6,32.6,31.8,29.6,30.4,36.5,38.0,38.1,36.9,37.6,37.2,37.2,38.3,31.8,32.7,38.0,37.2,38.5,46.6,51.0,27.9,28.5,33.7,34.4,34.2,33.6,40.1,41.0,41.2,41.1,41.1,29.9,31.0,18.3,18.9,18.9,18.9,18.9,18.9,21.5,36.2,36.5,35.7,35.7,36.4,36.3,36.3,35.8
29,34.9,35.4,34.7,34.4,35.0,36.9,37.6,37.2,36.9,37.9,31.9,32.2,32.2,32.2,31.4,37.1,50.1,63.0,36.8,37.3,37.1,37.3,37.3,37.3,36.2,31.1,32.4,32.4,32.4,32.5,28.6,29.9,29.9,29.8,40.3,43.6,52.8,19.0,19.3,19.4,20.1,29.3,30.1,30.1,29.0,19.1,19.3,19.6,19.6,19.6,19.6,19.6,19.6,19.6,19.6,36.7,37.5,36.8,29.1,32.0,33.4,34.4,34.9,32.5,33.7,33.4,33.2,37.2,38.6,40.7,30.3,31.8,31.1,31.1,30.8,39.4,56.7,28.5,30.7,40.9,41.6,41.5,43.9,52.9,33.9,34.4,34.2,35.4,32.6,36.9,34.3,34.0,19.5,19.9,19.9,19.9,19.9,19.9,19.9,19.9,20.0,29.7,32.8,32.0,31.4,33.4,34.1,33.8,33.8,33.7,48.9,71.4,110.6,214.1,296.3,30.4,31.0,31.0,31.7,30.9,31.6,31.3,30.8,18.6,19.1,19.1,19.1,19.1,19.1,18.5,30.0,31.1,31.2,32.2,19.8,20.1,20.1,20.1,20.0,19.4,19.1,19.9,20.1,20.0,20.0,20.0,20.0,20.1,64.5,87.9,109.7,102.2,19.4,19.2,19.7,19.7,19.7,19.7,19.7,19.7,19.7,19.7,30.9,31.6,31.6,32.7,37.7,38.0,38.0,37.5,38.4,30.5,30.7,34.3,47.3,61.1,68.0,36.9,37.4,37.5,37.5,38.9,29.6,30.2,30.2,29.8,30.5,31.8,31.0,31.6,31.6,31.4,52.0,72.7,81.6,68.4,22.4,22.7,36.5,37.3,37.3,37.3,37.2,37.3,38.1,37.8,38.2,41.6,32.8,40.9,50.8,45.9,22.3,23.4,33.1,33.3,33.3,19.2,19.6,19.6,19.2,56.8,87.0,104.9,19.5,19.9,19.9,21.5,23.1,23.8,26.2,35.1,29.3,29.9,29.9,29.5,38.0,41.5,43.7,28.7,29.4,29.4,25.9,19.8,19.8,19.8,19.8,19.9,19.9,19.9,19.9,19.4,17.6,19.6,19.7,19.7,20.0,23.5,25.6,27.0,26.4,30.6,30.6,31.6,28.9,31.5,31.4,31.3,31.2,33.7,33.7,36.8,29.0,29.8,29.8,29.4,29.6,29.8,42.2,42.2,41.7,41.1,42.9,31.2,33.2,31.7,32.6,32.6,31.8,29.6,30.4,36.5,38.0,38.1,36.9,37.6,37.2,37.2,38.3,31.8,32.7,38.0,37.2,38.5,46.6,51.0,27.9,28.5,33.7,34.4,34.2,33.6,40.1,41.0,41.2,41.1,41.1,29.9,31.0,18.3,18.9,18.9,18.9,18.9,18.9,21.5,36.2,36.5,35.7,35.7,36.4,36.3,36.3,35.8
30,34.9,35.4,34.7,34.4,35.0,36.9,37.6,37.2,36.9,37.9,31.9,32.2,32.2,32.2,31.4,37.1,50.1,63.0,36.8,37.3,37.1,37.3,37.3,37.3,36.2,31.1,32.4,32.4,32.4,32.5,28.6,29.9,29.9,29.8,40.3,43.6,52.8,19.0,19.3,19.4,20.1,29.3,30.1,30.1,29.0,19.1,19.3,19.6,19.6,19.6,19.6,19.6,19.6,19.6,19.6,36.7,37.5,36.8,29.1,32.0,33.4,34.4,34.9,32.5,33.7,33.4,33.2,37.2,38.6,40.7,30.3,31.8,31.1,31.1,30.8,39.4,56.7,28.5,30.7,40.9,41.6,41.5,43.9,52.9,33.9,34.4,34.2,35.4,32.6,36.9,34.3,34.0,19.5,19.9,19.9,19.9,19.9,19.9,19.9,19.9,20.0,29.7,32.8,32.0,31.4,33.4,34.1,33.8,33.8,33.7,48.9,71.4,110.6,214.1,296.4,30.4,31.0,31.0,31.7,30.9,31.6,31.3,30.8,18.6,19.1,19.1,19.1,19.1,19.1,18.5,30.0,31.1,31.2,32.2,19.8,20.1,20.1,20.1,20.0,19.4,19.1,19.9,20.1,20.0,20.0,20.0,20.0,20.1,64.5,87.9,109.7,102.2,19.4,19.2,19.7,19.7,19.7,19.7,19.7,19.7,19.7,19.7,30.9,31.6,31.6,32.7,37.7,38.0,38.0,37.5,38.4,30.5,30.7,34.3,47.3,61.1,68.0,36.9,37.4,37.5,37.5,38.9,29.6,30.2,30.2,29.8,30.5,31.8,31.0,31.6,31.6,31.4,52.0,72.7,81.5,68.4,22.4,22.7,36.5,37.3,37.3,37.3,37.2,37.3,38.1,37.8,38.2,41.6,32.8,40.9,50.8,45.9,22.3,23.4,33.1,33.3,33.3,19.2,19.6,19.6,19.2,56.8,87.0,104.9,19.5,19.9,19.9,21.5,23.1,23.8,26.2,35.1,29.3,29.9,29.9,29.5,38.0,41.5,43.7,28.7,29.4,29.4,25.9,19.8,19.8,19.8,19.8,19.9,19.9,19.9,19.9,19.4,17.6,19.6,19.7,19.7,20.0,23.5,25.6,27.0,26.4,30.6,30.6,31.6,28.9,31.5,31.4,31.3,31.2,33.7,33.7,36.8,29.0,29.8,29.8,29.4,29.6,29.8,42.2,42.2,41.7,41.1,42.9,31.2,33.2,31.7,32.6,32.6,31.8,29.6,30.4,36.5,38.0,38.1,36.9,37.6,37.2,37.2,38.3,31.8,32.7,38.0,37.2,38.5,46.6,51.0,27.9,28.5,33.7,34.4,34.2,33.6,40.1,41.0,41.2,41.1,41.1,29.9,31.0,18.3,18.9,18.9,18.9,18.9,18.9,21.5,36.2,36.5,35.7,35.7,36.4,36.3,36.3,35.8
31,34.9,35.4,34.7,34.4,35.0,36.9,37.6,37.2,36.9,37.9,31.9,32.2,32.2,32.2,31.4,37.1,50.1,63.0,36.8,37.3,37.1,37.3,37.3,37.3,36.2,31.1,32.4,32.4,32.4,32.5,28.6,29.9,29.9,29.8,40.3,43.6,52.8,19.0,19.3,19.4,20.1,29.3,30.1,30.1,29.0,19.1,19.3,19.6,19.6,19.6,19.6,19.6,19.6,19.6,19.6,36.7,37.5,36.8,29.1,32.0,33.4,34.4,34.9,32.5,33.7,33.4,33.2,37.2,38.6,40.7,30.3,31.8,31.1,31.1,30.8,39.4,56.7,28.5,30.7,40.9,41.6,41.5,43.9,52.9,33.9,34.4,34.2,35.4,32.6,36.9,34.3,34.0,19.5,19.9,19.9,19.9,19.9,19.9,19.9,19.9,20.0,29.7,32.8,32.0,31.4,33.4,34.1,33.8,33.8,33.7,48.9,71.4,110.6,214.1,296.5,30.4,31.0,31.0,31.7,30.9,31.6,31.3,30.8,18.6,19.1,19.1,19.1,19.1,19.1,18.5,30.0,31.1,31.2,32.2,19.8,20.1,20.1,20.1,20.0,19.4,19.1,19.9,20.1,20.0,20.0,20.0,20.0,20.1,64.5,87.9,109.7,102.2,19.4,19.2,19.7,19.7,19.7,19.7,19.7,19.7,19.7,19.7,30.9,31.6,31.6,32.7,37.7,38.0,38.0,37.5,38.4,30.5,30.7,34.3,47.3,61.1,68.0,36.9,37.4,37.5,37.5,38.9,29.6,30.2,30.2,29.8,30.5,31.8,31.0,31.6,31.6,31.4,52.0,72.7,81.4,68.4,22.4,22.7,36.5,37.3,37.3,37.3,37.2,37.3,38.1,37.8,38.2,41.6,32.8,40.9,50.8,45.9,22.3,23.4,33.1,33.3,33.3,19.2,19.6,19.6,19.2,56.8,87.0,104.9,19.5,19.9,19.9,21.5,23.1,23.8,26.2,35.1,29.3,29.9,29.9,29.5,38.0,41.5,43.7,28.7,29.4,29.4,25.9,19.8,19.8,19.8,19.8,19.9,19.9,19.9,19.9,19.4,17.6,19.6,19.7,19.7,20.0,23.5,25.6,27.0,26.4,30.6,30.6,31.6,28.9,31.5,31.4,31.3,31.2,33.7,33.7,36.8,29.0,29.8,29.8,29.4,29.6,29.8,42.2,42.2,41.7,41.1,42.9,31.2,33.2,31.7,32.6,32.6,31.8,29.6,30.4,36.5,38.0,38.1,36.9,37.6,37.2,37.2,38.3,31.8,32.7,38.0,37.2,38.5,46.6,51.0,27.9,28.5,33.7,34.4,34.2,33.6,40.1,41.0,41.2,41.1,41.1,29.9,31.0,18.3,18.9,18.9,18.9,18.9,18.9,21.5,36.2,36.5,35.7,35.7,36.4,36.3,36.3,35.8
32,34.9,35.4,34.7,34.4,35.0,36.9,37.6,37.2,36.9,37.9,31.9,32.2,32.2,32.2,31.4,37.1,50.1,63.0,36.8,37.3,37.1,37.3,37.3,37.3,36.2,31.1,32.4,32.4,32.4,32.5,28.6,29.9,29.9,29.8,40.3,43.6,52.8,19.0,19.3,19.4,20.1,29.3,30.1,30.1,29.0,19.1,19.3,19.6,19.6,19.6,19.6,19.6,19.6,19.6,19.6,36.7,37.5,36.8,29.1,32.0,33.4,34.4,34.9,32.5,33.7,33.4,33.2,37.2,38.6,40.7,30.3,31.8,31.1,31.1,30.8,39.4,56.7,28.5,30.7,40.9,41.6,41.5,43.9,52.9,33.9,34.4,34.2,35.4,32.6,36.9,34.3,34.0,19.5,19.9,19.9,19.9,19.9,19.9,19.9,19.9,20.0,29.7,32.8,32.0,31.4,33.4,34.1,33.8,33.8,33.7,48.9,71.4,110.6,214.1,296.6,30.4,31.0,31.0,31.7,30.9,31.6,31.3,30.8,18.6,19.1,19.1,19.1,19.1,19.1,18.5,30.0,31.1,31.2,32.2,19.8,20.1,20.1,20.1,20.0,19.4,19.1,19.9,20.1,20.0,20.0,20.0,20.0,20.1,64.5,87.9,109.7,102.2,19.4,19.2,19.7,19.7,19.7,19.7,19.7,19.7,19.7,19.7,30.9,31.6,31.6,32.7,37.7,38.0,38.0,37.5,38.4,30.5,30.7,34.3,47.3,61.1,68.0,36.9,37.4,37.5,37.5,38.9,29.6,30.2,30.2,29.8,30.5,31.8,31.0,31.6,31.6,31.4,52.0,72.7,81.4,68.4,22.4,22.7,36.5,37.3,37.3,37.3,37.2,37.3,38.1,37.8,38.2,41.6,32.8,40.9,50.8,45.9,22.3,23.4,33.1,33.3,33.3,19.2,19.6,19.6,19.2,56.8,87.0,104.9,19.5,19.9,19.9,21.5,23.1,23.8,26.2,35.1,29.3,29.9,29.9,29.5,38.0,41.5,43.7,28.7,29.4,29.4,25.9,19.8,19.8,19.8,19.8,19.9,19.9,19.9,19.9,19.4,17.6,19.6,19.7,19.7,20.0,23.5,25.6,27.0,26.4,30.6,30.6,31.6,28.9,31.5,31.4,31.3,31.2,33.7,33.7,36.8,29.0,29.8,29.8,29.4,29.6,29.8,42.2,42.2,41.7,41.1,42.9,31.2,33.2,31.7,32.6,32.6,31.8,29.6,30.4,36.5,38.0,38.1,36.9,37.6,37.2,37.2,38.3,31.8,32.7,38.0,37.2,38.5,46.6,51.0,27.9,28.5,33.7,34.4,34.2,33.6,40.1,41.0,41.2,41.1,41.1,29.9,31.0,18.3,18.9,18.9,18.9,18.9,18.9,21.5,36.2,36.5,35.7,35.7,36.4,36.3,36.3,35.8
33,34.9,35.4,34.7,34.4,35.0,36.9,37.6,37.2,36.9,37.9,31.9,32.2,32.2,32.2,31.4,37.1,50.1,63.0,36.8,37.3,37.1,37.3,37.3,37.3,36.2,31.1,32.4,32.4,32.4,32.5,28.6,29.9,29.9,29.8,40.3,43.6,52.8,19.0,19.3,19.4,20.1,29.3,30.1,30.1,29.0,19.1,19.3,19.6,19.6,19.6,19.6,19.6,19.6,19.6,19.6,36.7,37.5,36.8,29.1,32.0,33.4,34.4,34.9,32.5,33.7,33.4,33.2,37.2,38.6,40.7,30.3,31.8,31.1,31.1,30.8,39.4,56.7,28.5,30.7,40.9,41.6,41.5,43.9,52.9,33.9,34.4,34.2,35.4,32.6,36.9,34.3,34.0,19.5,19.9,19.9,19.9,19.9,19.9,19.9,19.9,20.0,29.7,32.8,32.0,31.4,33.4,34.1,33.8,33.8,33.7,48.9,71.4,110.6,214.1,296.7,30.4,31.0,31.0,31.7,30.9,31.6,31.3,30.8,18.6,19.1,19.1,19.1,19.1,19.1,18.5,30.0,31.1,31.2,32.2,19.8,20.1,20.1,20.1,20.0,19.4,19.1,19.9,20.1,20.0,20.0,20.0,20.0,20.1,64.5,87.9,109.7,102.2,19.4,19.2,19.7,19.7,19.7,19.7,19.7,19.7,19.7,19.7,30.9,31.6,31.6,32.7,37.7,38.0,38.0,37.5,38.4,30.5,30.7,34.3,47.3,61.1,68.0,36.9,37.4,37.5,37.5,38.9,29.6,30.2,30.2,29.8,30.5,31.8,31.0,31.6,31.6,31.4,52.0,72.7,81.4,68.4,22.4,22.7,36.5,37.3,37.3,37.3,37.2,37.3,38.1,37.8,38.2,41.6,32.8,40.9,50.8,45.9,22.3,23.4,33.1,33.3,33.3,19.2,19.6,19.6,19.2,56.8,87.0,104.9,19.5,19.9,19.9,21.5,23.1,23.8,26.2,35.1,29.3,29.9,29.9,29.5,38.0,41.5,43.7,28.7,29.4,29.4,25.9,19.8,19.8,19.8,19.8,19.9,19.9,19.9,19.9,19.4,17.6,19.6,19.7,19.7,20.0,23.5,25.6,27.0,26.4,30.6,30.6,31.6,28.9,31.5,31.4,31.3,31.2,33.7,33.7,36.8,29.0,29.8,29.8,29.4,29.6,29.8,42.2,42.2,41.7,41.1,42.9,31.2,33.2,31.7,32.6,32.6,31.8,29.6,30.4,36.5,38.0,38.1,36.9,37.6,37.2,37.2,38.3,31.8,32.7,38.0,37.2,38.5,46.6,51.0,27.9,28.5,33.7,34.4,34.2,33.6,40.1,41.0,41.2,41.1,41.1,29.9,31.0,18.3,18.9,18.9,18.9,18.9,18.9,21.5,36.2,36.5,35.7,35.7,36.4,36.3,36.3,35.8
34,34.9,35.4,34.7,34.4,35.0,36.9,37.6,37.2,36.9,37.9,31.9,32.2,32.2,32.2,31.4,37.1,50.1,63.0,36.8,37.3,37.1,37.3,37.3,37.3,36.2,31.1,32.4,32.4,32.4,32.5,28.6,29.9,29.9,29.8,40.3,43.6,52.8,19.0,19.3,19.4,20.1,29.3,30.1,30.1,29.0,19.1,19.3,19.6,19.6,19.6,19.6,19.6,19.6,19.6,19.6,36.7,37.5,36.8,29.1,32.0,33.4,34.4,34.9,32.5,33.7,33.4,33.2,37.2,38.6,40.7,30.3,31.8,31.1,31.1,30.8,39.4,56.7,28.5,30.7,40.9,41.6,41.5,43.9,52.9,33.9,34.4,34.2,35.4,32.6,36.9,34.3,34.0,19.5,19.9,19.9,19.9,19.9,19.9,19.9,19.9,20.0,29.7,32.8,32.0,31.4,33.4,34.1,33.8,33.8,33.7,48.9,71.4,110.6,214.1,296.8,30.4,31.0,31.0,31.7,30.9,31.6,31.3,30.8,18.6,19.1,19.1,19.1,19.1,19.1,18.5,30.0,31.1,31.2,32.2,19.8,20.1,20.1,20.1,20.0,19.4,19.1,19.9,20.1,20.0,20.0,20.0,20.0,20.1,64.5,87.9,109.7,102.2,19.4,19.2,19.7,19.7,19.7,19.7,19.7,19.7,19.7,19.7,30.9,31.6,31.6,32.7,37.7,38.0,38.0,37.5,38.4,30.5,30.7,34.3,47.3,61.1,68.0,36.9,37.4,37.5,37.5,38.9,29.6,30.2,30.2,29.8,30.5,31.8,31.0,31.6,31.6,31.4,52.0,72.7,81.4,68.4,22.4,22.7,36.5,37.3,37.3,37.3,37.2,37.3,38.1,37.8,38.2,41.6,32.8,40.9,50.8,45.9,22.3,23.4,33.1,33.3,33.3,19.2,19.6,19.6,19.2,56.8,87.0,104.9,19.5,19.9,19.9,21.5,23.1,23.8,26.2,35.1,29.3,29.9,29.9,29.5,38.0,41.5,43.7,28.7,29.4,29.4,25.9,19.8,19.8,19.8,19.8,19.9,19.9,19.9,19.9,19.4,17.6,19.6,19.7,19.7,20.0,23.5,25.6,27.0,26.4,30.6,30.6,31.6,28.9,31.5,31.4,31.3,31.2,33.7,33.7,36.8,29.0,29.8,29.8,29.4,29.6,29.8,42.2,42.2,41.7,41.1,42.9,31.2,33.2,31.7,32.6,32.6,31.8,29.6,30.4,36.5,38.0,38.1,36.9,37.6,37.2,37.2,38.3,31.8,32.7,38.0,37.2,38.5,46.6,51.0,27.9,28.5,33.7,34.4,34.2,33.6,40.1,41.0,41.2,41.1,41.1,29.9,31.0,18.3,18.9,18.9,18.9,18.9,18.9,21.5,36.2,36.5,35.7,35.7,36.4,36.3,36.3,35.8
35,34.9,35.4,34.7,34.4,35.0,36.9,37.6,37.2,36.9,37.9,31.9,32.2,32.2,32.2,31.4,37.1,50.1,63.0,36.8,37.3,37.1,37.3,37.3,37.3,36.2,31.1,32.4,32.4,32.4,32.5,28.6,29.9,29.9,29.8,40.3,43.6,52.8,19.0,19.3,19.4,20.1,29.3,30.1,30.1,29.0,19.1,19.3,19.6,19.6,19.6,19.6,19.6,19.6,19.6,19.6,36.7,37.5,36.8,29.1,32.0,33.4,34.4,34.9,32.5,33.7,33.4,33.2,37.2,38.6,40.7,30.3,31.8,31.1,31.1,30.8,39.4,56.7,28.5,30.7,40.9,41.6,41.5,43.9,52.9,33.9,34.4,34.2,35.4,32.6,36.9,34.3,34.0,19.5,19.9,19.9,19.9,19.9,19.9,19.9,19.9,20.0,29.7,32.8,32.0,31.4,33.4,34.1,33.8,33.8,33.7,48.9,71.4,110.6,214.1,296.9,30.4,31.0,31.0,31.7,30.9,31.6,31.3,30.8,18.6,19.1,19.1,19.1,19.1,19.1,18.5,30.0,31.1,31.2,32.2,19.8,20.1,20.1,20.1,20.0,19.4,19.1,19.9,20.1,20.0,20.0,20.0,20.0,20.1,64.5,87.9,109.7,102.2,19.4,19.2,19.7,19.7,19.7,19.7,19.7,19.7,19.7,19.7,30.9,31.6,31.6,32.7,37.7,38.0,38.0,37.5,38.4,30.5,30.7,34.3,47.3,61.1,68.0,36.9,37.4,37.5,37.5,38.9,29.6,30.2,30.2,29.8,30.5,31.8,31.0,31.6,31.6,31.4,52.0,72.7,81.4,68.4,22.4,22.7,36.5,37.3,37.3,37.3,37.2,37.3,38.1,37.8,38.2,41.6,32.8,40.9,50.8,45.9,22.3,23.4,33.1,33.3,33.3,19.2,19.6,19.6,19.2,56.8,87.0,104.9,19.5,19.9,19.9,21.5,23.1,23.8,26.2,35.1,29.3,29.9,29.9,29.5,38.0,41.5,43.7,28.7,29.4,29.4,25.9,19.8,19.8,19.8,19.8,19.9,19.9,19.9,19.9,19.4,17.6,19.6,19.7,19.7,20.0,23.5,25.6,27.0,26.4,30.6,30.6,31.6,28.9,31.5,31.4,31.3,31.2,33.7,33.7,36.8,29.0,29.8,29.8,29.4,29.6,29.8,42.2,42.2,41.7,41.1,42.9,31.2,33.2,31.7,32.6,32.6,31.8,29.6,30.4,36.5,38.0,38.1,36.9,37.6,37.2,37.2,38.3,31.8,32.7,38.0,37.2,38.5,46.6,51.0,27.9,28.5,33.7,34.4,34.2,33.6,40.1,41.0,41.2,41.1,41.1,29.9,31.0,18.3,18.9,18.9,18.9,18.9,18.9,21.5,36.2,36.5,35.7,35.7,36.4,36.3,36.3,35.8
36,34.9,35.4,34.7,34.4,35.0,36.9,37.6,37.2,36.9,37.9,31.9,32.2,32.2,32.2,31.4,37.1,50.1,63.0,36.8,37.3,37.1,37.3,37.3,37.3,36.2,31.1,32.4,32.4,32.4,32.5,28.6,29.9,29.9,29.8,40.3,43.6,52.8,19.0,19.3,19.4,20.1,29.3,30.1,30.1,29.0,19.1,19.3,19.6,19.6,19.6,19.6,19.6,19.6,19.6,19.6,36.7,37.5,36.8,29.1,32.0,33.4,34.4,34.9,32.5,33.7,33.4,33.2,37.2,38.6,40.7,30.3,31.8,31.1,31.1,30.8,39.4,56.7,28.5,30.7,40.9,41.6,41.5,43.9,52.9,33.9,34.4,34.2,35.4,32.6,36.9,34.3,34.0,19.5,19.9,19.9,19.9,19.9,19.9,19.9,19.9,20.0,29.7,32.8,32.0,31.4,33.4,34.1,33.8,33.8,33.7,48.9,71.4,110.6,214.1,297.0,30.4,31.0,31.0,31.7,30.9,31.6,31.3,30.8,18.6,19.1,19.1,19.1,19.1,19.1,18.5,30.0,31.1,31.2,32.2,19.8,20.1,20.1,20.1,20.0,19.4,19.1,19.9,20.1,20.0,20.0,20.0,20.0,20.1,64.5,87.9,109.7,102.2,19.4,19.2,19.7,19.7,19.7,19.7,19.7,19.7,19.7,19.7,30.9,31.6,31.6,32.7,37.7,38.0,38.0,37.5,38.4,30.5,30.7,34.3,47.3,61.1,68.0,36.9,37.4,37.5,37.5,38.9,29.6,30.2,30.2,29.8,30.5,31.8,31.0,31.6,31.6,31.4,52.0,72.7,81.4,68.4,22.4,22.7,36.5,37.3,37.3,37.3,37.2,37.3,38.1,37.8,38.2,41.6,32.8,40.9,50.8,45.9,22.3,23.4,33.1,33.3,33.3,19.2,19.6,19.6,19.2,56.8,87.0,104.9,19.5,19.9,19.9,21.5,23.1,23.8,26.2,35.1,29.3,29.9,29.9,29.5,38.0,41.5,43.7,28.7,29.4,29.4,25.9,19.8,19.8,19.8,19.8,19.9,19.9,19.9,19.9,19.4,17.6,19.6,19.7,19.7,20.0,23.5,25.6,27.0,26.4,30.6,30.6,31.6,28.9,31.5,31.4,31.3,31.2,33.7,33.7,36.8,29.0,29.8,29.8,29.4,29.6,29.8,42.2,42.2,41.7,41.1,42.9,31.2,33.2,31.7,32.6,32.6,31.8,29.6,30.4,36.5,38.0,38.1,36.9,37.6,37.2,37.2,38.3,31.8,32.7,38.0,37.2,38.5,46.6,51.0,27.9,28.5,33.7,34.4,34.2,33.6,40.1,41.0,41.2,41.1,41.1,29.9,31.0,18.3,18.9,18.9,18.9,18.9,18.9,21.5,36.2,36.5,35.7,35.7,36.4,36.3,36.3,35.8
37,34.9,35.4,34.7,34.4,35.0,36.9,37.6,37.2,36.9,37.9,31.9,32.2,32.2,32.2,31.4,37.1,50.1,63.0,36.8,37.3,37.1,37.3,37.3,37.3,36.2,31.1,32.4,32.4,32.4,32.5,28.6,29.9,29.9,29.8,40.3,43.6,52.8,19.0,19.3,19.4,20.1,29.3,30.1,30.1,29.0,19.1,19.3,19.6,19.6,19.6,19.6,19.6,19.6,19.6,19.6,36.7,37.5,36.8,29.1,32.0,33.4,34.4,34.9,32.5,33.7,33.4,33.2,37.2,38.6,40.7,30.3,31.8,31.1,31.1,30.8,39.4,56.7,28.5,30.7,40.9,41.6,41.5,43.9,52.9,33.9,34.4,34.2,35.4,32.6,36.9,34.3,34.0,19.5,19.9,19.9,19.9,19.9,19.9,19.9,19.9,20.0,29.7,32.8,32.0,31.4,33.4,34.1,33.8,33.8,33.7,48.9,71.4,110.6,214.1,297.1,30.4,31.0,31.0,31.7,30.9,31.6,31.3,30.8,18.6,19.1,19.1,19.1,19.1,19.1,18.5,30.0,31.1,31.2,32.2,19.8,20.1,20.1,20.1,20.0,19.4,19.1,19.9,20.1,20.0,20.0,20.0,20.0,20.1,64.5,87.9,109.7,102.2,19.4,19.2,19.7,19.7,19.7,19.7,19.7,19.7,19.7,19.7,30.9,31.6,31.6,32.7,37.7,38.0,38.0,37.5,38.4,30.5,30.7,34.3,47.3,61.1,68.0,36.9,37.4,37.5,37.5,38.9,29.6,30.2,30.2,29.8,30.5,31.8,31.0,31.6,31.6,31.4,52.0,72.7,81.4,68.4,22.4,22.7,36.5,37.3,37.3,37.3,37.2,37.3,38.1,37.8,38.2,41.6,32.8,40.9,50.8,45.9,22.3,23.4,33.1,33.3,33.3,19.2,19.6,19.6,19.2,56.8,87.0,104.9,19.5,19.9,19.9,21.5,23.1,23.8,26.2,35.1,29.3,29.9,29.9,29.5,38.0,41.5,43.7,28.7,29.4,29.4,25.9,19.8,19.8,19.8,19.8,19.9,19.9,19.9,19.9,19.4,17.6,19.6,19.7,19.7,20.0,23.5,25.6,27.0,26.4,30.6,30.6,31.6,28.9,31.5,31.4,31.3,31.2,33.7,33.7,36.8,29.0,29.8,29.8,29.4,29.6,29.8,42.2,42.2,41.7,41.1,42.9,31.2,33.2,31.7,32.6,32.6,31.8,29.6,30.4,36.5,38.0,38.1,36.9,37.6,37.2,37.2,38.3,31.8,32.7,38.0,37.2,38.5,46.6,51.0,27.9,28.5,33.7,34.4,34.2,33.6,40.1,41.0,41.2,41.1,41.1,29.9,31.0,18.3,18.9,18.9,18.9,18.9,18.9,21.5,36.2,36.5,35.7,35.7,36.4,36.3,36.3,35.8
38,34.9,35.4,34.7,34.4,35.0,36.9,37.6,37.2,36.9,37.9,31.9,32.2,32.2,32.2,31.4,37.1,50.1,63.0,36.8,37.3,37.1,37.3,37.3,37.3,36.2,31.1,32.4,32.4,32.4,32.5,28.6,29.9,29.9,29.8,40.3,43.6,52.8,19.0,19.3,19.4,20.1,29.3,30.1,30.1,29.0,19.1,19.3,19.6,19.6,19.6,19.6,19.6,19.6,19.6,19.6,36.7,37.5,36.8,29.1,32.0,33.4,34.4,34.9,32.5,33.7,33.4,33.2,37.2,38.6,40.7,30.3,31.8,31.1,31.1,30.8,39.4,56.7,28.5,30.7,40.9,41.6,41.5,43.9,52.9,33.9,34.4,34.2,35.4,32.6,36.9,34.3,34.0,19.5,19.9,19.9,19.9,19.9,19.9,19.9,19.9,20.0,29.7,32.8,32.0,31.4,33.4,34.1,33.8,33.8,33.7,48.9,71.4,110.6,214.1,297.2,30.4,31.0,31.0,31.7,30.9,31.6,31.3,30.8,18.6,19.1,19.1,19.1,19.1,19.1,18.5,30.0,31.1,31.2,32.2,19.8,20.1,20.1,20.1,20.0,19.4,19.1,19.9,20.1,20.0,20.0,20.0,20.0,20.1,64.5,87.9,109.7,102.2,19.4,19.2,19.7,19.7,19.7,19.7,19.7,19.7,19.7,19.7,30.9,31.6,31.6,32.7,37.7,38.0,38.0,37.5,38.4,30.5,30.7,34.3,47.3,61.1,68.0,36.9,37.4,37.5,37.5,38.9,29.6,30.2,30.2,29.8,30.5,31.8,31.0,31.6,31.6,31.4,52.0,72.7,81.4,68.4,22.4,22.7,36.5,37.3,37.3,37.3,37.2,37.3,38.1,37.8,38.2,41.6,32.8,40.9,50.8,45.9,22.3,23.4,33.1,33.3,33.3,19.2,19.6,19.6,19.2,56.8,87.0,104.9,19.5,19.9,19.9,21.5,23.1,23.8,26.2,35.1,29.3,29.9,29.9,29.5,38.0,41.5,43.7,28.7,29.4,29.4,25.9,19.8,19.8,19.8,19.8,19.9,19.9,19.9,19.9,19.4,17.6,19.6,19.7,19.7,20.0,23.5,25.6,27.0,26.4,30.6,30.6,31.6,28.9,31.5,31.4,31.3,31.2,33.7,33.7,36.8,29.0,29.8,29.8,29.4,29.6,29.8,42.2,42.2,41.7,41.1,42.9,31.2,33.2,31.7,32.6,32.6,31.8,29.6,30.4,36.5,38.0,38.1,36.9,37.6,37.2,37.2,38.3,31.8,32.7,38.0,37.2,38.5,46.6,51.0,27.9,28.5,33.7,34.4,34.2,33.6,40.1,41.0,41.2,41.1,41.1,29.9,31.0,18.3,18.9,18.9,18.9,18.9,18.9,21.5,36.2,36.5,35.7,35.7,36.4,36.3,36.3,35.8
39,34.9,35.4,34.7,34.4,35.0,36.9,37.6,37.2,36.9,37.9,31.9,32.2,32.2,32.2,31.4,37.1,50.1,63.0,36.8,37.3,37.1,37.3,37.3,37.3,36.2,31.1,32.4,32.4,32.4,32.5,28.6,29.9,29.9,29.8,40.3,43.6,52.8,19.0,19.3,19.4,20.1,29.3,30.1,30.1,29.0,19.1,19.3,19.6,19.6,19.6,19.6,19.6,19.6,19.6,19.6,36.7,37.5,36.8,29.1,32.0,33.4,34.4,34.9,32.5,33.7,33.4,33.2,37.2,38.6,40.7,30.3,31.8,31.1,31.1,30.8,39.4,56.7,28.5,30.7,40.9,41.6,41.5,43.9,52.9,33.9,34.4,34.2,35.4,32.6,36.9,34.3,34.0,19.5,19.9,19.9,19.9,19.9,19.9,19.9,19.9,20.0,29.7,32.8,32.0,31.4,33.4,34.1,33.8,33.8,33.7,48.9,71.4,110.6,214.1,297.3,30.4,31.0,31.0,31.7,30.9,31.6,31.3,30.8,18.6,19.1,19.1,19.1,19.1,19.1,18.5,30.0,31.1,31.2,32.2,19.8,20.1,20.1,20.1,20.0,19.4,19.1,19.9,20.1,20.0,20.0,20.0,20.0,20.1,64.5,87.9,109.7,102.2,19.4,19.2,19.7,19.7,19.7,19.7,19.7,19.7,19.7,19.7,30.9,31.6,31.6,32.7,37.7,38.0,38.0,37.5,38.4,30.5,30.7,34.3,47.3,61.1,68.0,36.9,37.4,37.5,37.5,38.9,29.6,30.2,30.2,29.8,30.5,31.8,31.0,31.6,31.6,31.4,52.0,72.7,81.4,68.4,22.4,22.7,36.5,37.3,37.3,37.3,37.2,37.3,38.1,37.8,38.2,41.6,32.8,40.9,50.8,45.9,22.3,23.4,33.1,33.3,33.3,19.2,19.6,19.6,19.2,56.8,87.0,104.9,19.5,19.9,19.9,21.5,23.1,23.8,26.2,35.1,29.3,29.9,29.9,29.5,38.0,41.5,43.7,28.7,29.4,29.4,25.9,19.8,19.8,19.8,19.8,19.9,19.9,19.9,19.9,19.4,17.6,19.6,19.7,19.7,20.0,23.5,25.6,27.0,26.4,30.6,30.6,31.6,28.9,31.5,31.4,31.3,31.2,33.7,33.7,36.8,29.0,29.8,29.8,29.4,29.6,29.8,42.2,42.2,41.7,41.1,42.9,31.2,33.2,31.7,32.6,32.6,31.8,29.6,30.4,36.5,38.0,38.1,36.9,37.6,37.2,37.2,38.3,31.8,32.7,38.0,37.2,38.5,46.6,51.0,27.9,28.5,33.7,34.4,34.2,33.6,40.1,41.0,41.2,41.1,41.1,29.9,31.0,18.3,18.9,18.9,18.9,18.9,18.9,21.5,36.2,36.5,35.7,35.7,36.4,36.3,36.3,35.8
40,34.9,35.4,34.7,34.4,35.0,36.9,37.6,37.2,36.9,37.9,31.9,32.2,32.2,32.2,31.4,37.1,50.1,63.0,36.8,37.3,37.1,37.3,37.3,37.3,36.2,31.1,32.4,32.4,32.4,32.5,28.6,29.9,29.9,29.8,40.3,43.6,52.8,19.0,19.3,19.4,20.1,29.3,30.1,30.1,29.0,19.1,19.3,19.6,19.6,19.6,19.6,19.6,19.6,19.6,19.6,36.7,37.5,36.8,29.1,32.0,33.4,34.4,34.9,32.5,33.7,33.4,33.2,37.2,38.6,40.7,30.3,31.8,31.1,31.1,30.8,39.4,56.7,28.5,30.7,40.9,41.6,41.5,43.9,52.9,33.9,34.4,34.2,35.4,32.6,36.9,34.3,34.0,19.5,19.9,19.9,19.9,19.9,19.9,19.9,19.9,20.0,29.7,32.8,32.0,31.4,33.4,34.1,33.8,33.8,33.7,48.9,71.4,110.6,214.1,297.4,30.4,31.0,31.0,31.7,30.9,31.6,31.3,30.8,18.6,19.1,19.1,19.1,19.1,19.1,18.5,30.0,31.1,31.2,32.2,19.8,20.1,20.1,20.1,20.0,19.4,19.1,19.9,20.1,20.0,20.0,20.0,20.0,20.1,64.5,87.9,109.7,102.2,19.4,19.2,19.7,19.7,19.7,19.7,19.7,19.7,19.7,19.7,30.9,31.6,31.6,32.7,37.7,38.0,38.0,37.5,38.4,30.5,30.7,34.3,47.3,61.1,68.0,36.9,37.4,37.5,37.5,38.9,29.6,30.2,30.2,29.8,30.5,31.8,31.0,31.6,31.6,31.4,52.0,72.7,81.4,68.4,22.4,22.7,36.5,37.3,37.3,37.3,37.2,37.3,38.1,37.8,38.2,41.6,32.8,40.9,50.8,45.9,22.3,23.4,33.1,33.3,33.3,19.2,19.6,19.6,19.2,56.8,87.0,104.9,19.5,19.9,19.9,21.5,23.1,23.8,26.2,35.1,29.3,29.9,29.9,29.5,38.0,41.5,43.7,28.7,29.4,29.4,25.9,19.8,19.8,19.8,19.8,19.9,19.9,19.9,19.9,19.4,17.6,19.6,19.7,19.7,20.0,23.5,25.6,27.0,26.4,30.6,30.6,31.6,28.9,31.5,31.4,31.3,31.2,33.7,33.7,36.8,29.0,29.8,29.8,29.4,29.6,29.8,42.2,42.2,41.7,41.1,42.9,31.2,33.2,31.7,32.6,32.6,31.8,29.6,30.4,36.5,38.0,38.1,36.9,37.6,37.2,37.2,38.3,31.8,32.7,38.0,37.2,38.5,46.6,51.0,27.9,28.5,33.7,34.4,34.2,33.6,40.1,41.0,41.2,41.1,41.1,29.9,31.0,18.3,18.9,18.9,18.9,18.9,18.9,21.5,36.2,36.5,35.7,35.7,36.4,36.3,36.3,35.8
