0,0.07692307692307693,0.07692307692307693,0.07692307692307693,0.07692307692307693,0.07692307692307693,0.07692307692307693,0.07692307692307693,0.07692307692307693,0.07692307692307693,0.07692307692307693,0.07692307692307693,0.07692307692307693,0.07692307692307693
1,1.0,0.0,0.0,0.0,0.0,0.0,0.0,0.0,0.0,0.0,0.0,0.0,0.0
2,1.0,0.0,0.0,0.0,0.0,0.0,0.0,0.0,0.0,0.0,0.0,0.0,0.0
3,0.9533169533169533,0.04668304668304669,0.0,0.0,0.0,0.0,0.0,0.0,0.0,0.0,0.0,0.0,0.0
4,0.8931109896118098,0.10688901038819029,0.0,0.0,0.0,0.0,0.0,0.0,0.0,0.0,0.0,0.0,0.0
5,0.8408588171362289,0.15914118286377105,0.0,0.0,0.0,0.0,0.0,0.0,0.0,0.0,0.0,0.0,0.0
6,0.7716022996095657,0.22839770039043428,0.0,0.0,0.0,0.0,0.0,0.0,0.0,0.0,0.0,0.0,0.0
7,0.70085627340179,0.29914372659821,0.0,0.0,0.0,0.0,0.0,0.0,0.0,0.0,0.0,0.0,0.0
8,0.6196099723676393,0.38039002763236063,0.0,0.0,0.0,0.0,0.0,0.0,0.0,0.0,0.0,0.0,0.0
9,0.5527032409685799,0.44729675903142013,0.0,0.0,0.0,0.0,0.0,0.0,0.0,0.0,0.0,0.0,0.0
10,0.4736441146196694,0.5263558853803306,0.0,0.0,0.0,0.0,0.0,0.0,0.0,0.0,0.0,0.0,0.0
11,0.4101973116928799,0.5898026883071201,0.0,0.0,0.0,0.0,0.0,0.0,0.0,0.0,0.0,0.0,0.0
12,0.3469418052882536,0.6530581947117464,0.0,0.0,0.0,0.0,0.0,0.0,0.0,0.0,0.0,0.0,0.0
13,0.2983616127676448,0.7016383872323553,0.0,0.0,0.0,0.0,0.0,0.0,0.0,0.0,0.0,0.0,0.0
14,0.25446553614125195,0.745534463858748,0.0,0.0,0.0,0.0,0.0,0.0,0.0,0.0,0.0,0.0,0.0
15,0.21823490795786413,0.7817650920421358,0.0,0.0,0.0,0.0,0.0,0.0,0.0,0.0,0.0,0.0,0.0
16,0.18793803272522785,0.8120619672747721,0.0,0.0,0.0,0.0,0.0,0.0,0.0,0.0,0.0,0.0,0.0
17,0.11475149106882332,0.8805189348758713,0.0,0.0,0.004729574055305326,0.0,0.0,0.0,0.0,0.0,0.0,0.0,0.0
18,0.021146980741641057,0.9651582435109202,0.0,0.0,0.013694775747438818,0.0,0.0,0.0,0.0,0.0,0.0,0.0,0.0
19,0.0,0.9770405543078584,0.0,0.0,0.01644945998494373,0.0,0.006509985707197776,0.0,0.0,0.0,0.0,0.0,0.0
20,0.0,0.9704732068815443,0.0,0.0,0.015394793246490526,0.0,0.014131999871965058,0.0,0.0,0.0,0.0,0.0,0.0
21,0.0,0.9645180390422907,0.0,0.0,0.01454105611487653,0.0,0.02094090484283279,0.0,0.0,0.0,0.0,0.0,0.0
22,0.02137818646267708,0.9363487220752116,0.0,0.0,0.014259524336392142,0.0,0.028013567125719105,0.0,0.0,0.0,0.0,0.0,0.0
23,0.08041664709639086,0.8701850880242997,0.0,0.0,0.013846502719406732,0.0,0.03555176215990255,0.0,0.0,0.0,0.0,0.0,0.0
24,0.12573711164316995,0.818632181588684,0.0,0.0,0.013513845892271352,0.0,0.04211686087587464,0.0,0.0,0.0,0.0,0.0,0.0
25,0.16962390059656762,0.7674678943249702,0.0,0.0,0.013430836697314144,0.0,0.049477368381147906,0.0,0.0,0.0,0.0,0.0,0.0
26,0.21593891685249317,0.7149679285511785,0.0,0.0,0.013273953170173427,0.0,0.05581920142615498,0.0,0.0,0.0,0.0,0.0,0.0
27,0.26074558519829927,0.6609694005322702,0.0,0.0,0.013465846278419354,0.0,0.06481916799101127,0.0,0.0,0.0,0.0,0.0,0.0
28,0.3077166742553993,0.6029704348003437,0.0,0.0,0.013697423970783915,0.0,0.07561546697347282,0.0,0.0,0.0,0.0,0.0,0.0
29,0.3531313715400663,0.551089478333633,0.0,0.0,0.012680675645896476,0.0,0.08309847448040421,0.0,0.0,0.0,0.0,0.0,0.0
30,0.40035681369830683,0.49194425389463714,0.0,0.0,0.006439669430307042,0.0,0.09269673007137705,0.0,0.008562532905371885,0.0,0.0,0.0,0.0
31,0.4540214067490481,0.4256887206744327,0.0,0.0,0.0,0.0,0.10284601157942623,0.0,0.01528843878433678,0.0,0.0,0.0021554222127564346,0.0
32,0.5044909390584019,0.3636663743960327,0.0,0.0,0.0,0.0,0.1068263996284937,0.0,0.016347161547800776,0.0,0.0,0.00866912536927078,0.0
33,0.5619258047659951,0.2916369086357533,0.0,0.0,0.0,0.0,0.10996176804370834,0.0,0.016662504699929165,0.0,0.0,0.019813013854613926,0.0
34,0.6179652649165996,0.22421381098555265,0.0,0.0,0.0,0.0,0.11324273018363926,0.0,0.016840087746958214,0.0,0.0,0.0277381061672503,0.0
35,0.6809372745637028,0.14804543917768262,0.0,0.0,0.0,0.0,0.11604364475874289,0.0,0.016949736183031697,0.0,0.0,0.03802390531684006,0.0
36,0.73697035623536,0.08075027462334101,0.0,0.0,0.0,0.0,0.11810693048064567,0.0,0.01695607362227091,0.0,0.0,0.04721636503838249,0.0
37,0.7916273108751645,0.015822819878329966,0.0,0.0,0.0,0.0,0.11941415485465777,0.0,0.016862741322320924,0.0,0.0,0.05627297306952682,0.0
38,0.8006623849859198,0.0,0.0,0.0,0.005357824264748497,0.0,0.11339778849028533,0.0,0.016419417845640223,0.0,0.0,0.0641625844134061,0.0
39,0.7966154576195829,0.0,0.0,0.0,0.011421255661618578,0.0,0.10406290551773197,0.0,0.016193396987062257,0.0,0.0,0.0717069842140043,0.0
40,0.7918240480280531,0.0,0.0,0.0,0.018861062852590354,0.0,0.09257310435077734,0.0,0.015842700896970006,0.0,0.0,0.08089908387160932,0.0
41,0.786208653632634,0.0,0.0,0.0,0.025942464555784018,0.0,0.08339028532636525,0.0,0.015502082009075427,0.0,0.0,0.08895651447614132,0.0
42,0.7835537447426308,0.0,0.0,0.0,0.031312815026790695,0.0,0.07454677199692555,0.0,0.015242467793604258,0.0,0.0,0.09534420044004872,0.0
43,0.7778147286031125,0.0,0.0,0.0,0.03806384950567805,0.0,0.06442956264192802,0.0,0.014943289651510266,0.0,0.0,0.10474856959777123,0.0
44,0.77284403720222,0.0,0.0,0.0,0.04469637911217264,0.0,0.052362092638414987,0.0,0.01467587547405688,0.0,0.0,0.11542161557313563,0.0
45,0.7715827513308361,0.0,0.0,0.0,0.049577083745959365,0.0,0.04482432995327151,0.0,0.01342227561556716,0.0,0.0,0.12059355935436594,0.0
46,0.7490015797885967,0.021374441848836856,0.0,0.0,0.0565285821506713,0.0,0.034660005128022614,0.0,0.005698215968827707,0.0,0.0,0.13273717511504476,0.0
47,0.7019465753093392,0.06840423411792021,0.0,0.0,0.06323882523611736,0.0,0.02376046152687086,0.0,0.0018965037725329832,0.0,0.0,0.1407534000372193,0.0
48,0.6616218744303977,0.10884688598857858,0.0,0.0,0.07040484496486443,0.0,0.01616879069857975,0.0,0.0,0.0,0.0,0.1429576039175796,0.0
49,0.6224227037166205,0.14387667878250415,0.0,0.0,0.07899162665117822,0.0,0.007582953653554662,0.0,0.0,0.0,0.0,0.14712603719614262,0.0
50,0.5801391061875866,0.18027671277888907,0.0,0.0,0.08711433240406949,0.0,0.0,0.0,0.0009508915587000087,0.0,0.0,0.1515189570707549,0.0
51,0.5303887425970052,0.2287319697258135,0.0,0.0,0.0879660221046179,0.0,0.0,0.0,0.008680527874420965,0.0,0.0,0.14423273769814232,0.0
52,0.48541414882284756,0.26914096925992786,0.0,0.0,0.09078309136250844,0.0,0.0,0.0,0.016507874354457917,0.0,0.0,0.13815391620025824,0.0
53,0.43360555662948363,0.31585437280074535,0.0,0.0,0.09207145784747374,0.0,0.0,0.0,0.025472999977623673,0.0,0.0,0.1329956127446735,0.0
54,0.391555200074397,0.35332991724029117,0.0,0.0,0.0946809839642716,0.0,0.0,0.0,0.034237531683855835,0.0,0.0,0.12619636703718426,0.0
55,0.34279941155372495,0.4013111378918962,0.0,0.0,0.09618547151959403,0.0,0.0,0.0,0.042150899234621064,0.0,0.0,0.11755307980016387,0.0
56,0.29120597309641594,0.44846841939242443,0.0,0.0,0.09906729487891833,0.0,0.0,0.0,0.051796508701098094,0.0,0.0,0.10946180393114315,0.0
57,0.23385080082572002,0.4984051542692018,0.0,0.0,0.1028006284912665,0.0,0.0,0.0,0.061403259418043706,0.0,0.0,0.10354015699576802,0.0
58,0.18548403465583352,0.5468450965814671,0.0,0.0,0.10486117531085343,0.0,0.0,0.0,0.07030617481328881,0.0,0.0,0.09250351863855717,0.0
59,0.12057730741297988,0.6094488384378383,0.0,0.0,0.10619278468395404,0.0,0.0,0.0,0.08227316887608427,0.0,0.0,0.08150790058914369,0.0
60,0.07358274342981398,0.6557389979817408,0.0,0.0,0.10925288167854484,0.0,0.0,0.0,0.09262337230792408,0.0,0.0,0.06880200460197615,0.0
61,0.013138114259176287,0.7159626680808472,0.0,0.0,0.11036028145319161,0.0,0.0,0.0,0.1038128071547393,0.0,0.0,0.05672612905204565,0.0
62,0.0,0.7295809144433699,0.0,0.0,0.1054695823576964,0.0,0.005601133969684204,0.0,0.1146330492606094,0.0,0.0,0.0447153199686402,0.0
63,0.0,0.7309668329241414,0.0,0.0,0.09603153928714786,0.0,0.01665336830202064,0.0,0.12573282575642666,0.0,0.0,0.03061543373026345,0.0
64,0.0,0.735635296613873,0.0,0.0,0.08763014313453753,0.0,0.022785217849479025,0.0,0.13447231627496445,0.0,0.0,0.019477026127146073,0.0
65,0.0,0.7418402926670221,0.0,0.0,0.0773651503125814,0.0,0.02979273205673891,0.0,0.14364684843456113,0.0,0.0,0.007354976529096536,0.0
66,0.01776102506022506,0.7190271614928869,0.0,0.0,0.0697150379313027,0.0,0.038419555882841405,0.0,0.1550772196327439,0.0,0.0,0.0,0.0
67,0.06961734100630602,0.666217103715736,0.0,0.0,0.059628634886150354,0.0,0.047427767619814,0.0,0.15710915277199364,0.0,0.0,0.0,0.0
68,0.11375159664362172,0.6213860711297735,0.0,0.0,0.05304059145715882,0.0,0.055428657692283875,0.0,0.15639308307716207,0.0,0.0,0.0,0.0
69,0.15776663453757547,0.5752735845821421,0.0,0.0,0.04260498242266732,0.0,0.06609150642623907,0.0,0.15826329203137615,0.0,0.0,0.0,0.0
70,0.20469470681033614,0.5276536751074542,0.0,0.0,0.032795212352570206,0.0,0.07293179742718163,0.0,0.1619246083024576,0.0,0.0,0.0,0.0
71,0.24531292702344695,0.48625806172145225,0.0,0.0,0.02522183270152094,0.0,0.08099833142141655,0.0,0.1622088471321632,0.0,0.0,0.0,0.0
72,0.2875931077339484,0.4427397029681152,0.0,0.0,0.014732779957454563,0.0,0.0898275847685716,0.0,0.16510682457191028,0.0,0.0,0.0,0.0
73,0.33612257610554713,0.38800847117811293,0.0,0.0,0.00738333463760831,0.0,0.10013043646006622,0.0,0.16835518161866547,0.0,0.0,0.0,0.0
74,0.37605064462036364,0.3460856738748488,0.0,0.0,0.0,0.0,0.10652021735998389,0.0,0.1699817863294158,0.0,0.0,0.0013616778153877416,0.0
75,0.41772159114294677,0.299988675664012,0.0,0.0,0.0,0.0,0.10822311822415985,0.0,0.16186439122133384,0.0,0.0,0.012202223747547439,0.0
76,0.468371759339023,0.24431826094553155,0.0,0.0,0.0,0.0,0.10969773144775596,0.0,0.1544951818401284,0.0,0.0,0.023117066427561266,0.0
77,0.5120443387337906,0.19821701102034486,0.0,0.0,0.0,0.0,0.11276474354176637,0.0,0.14575194998622873,0.0,0.0,0.031221956717869443,0.0
78,0.5559993498369074,0.15221160353766508,0.0,0.0,0.0,0.0,0.11470771042201382,0.0,0.13508832749735755,0.0,0.0,0.04199300870605632,0.0
79,0.6055741152730149,0.10075103878058823,0.0,0.0,0.0,0.0,0.11433376847181778,0.0,0.1252579156498675,0.0,0.0,0.05408316182471172,0.0
80,0.6506441844599719,0.0554840868210462,0.0,0.0,0.0,0.0,0.11396042943683134,0.0,0.11506370977360296,0.0,0.0,0.06484758950854755,0.0
81,0.6911390746150197,0.016342160777120574,0.0,0.0,0.0,0.0,0.11376325021708196,0.0,0.10230924421196096,0.0,0.0,0.07644627017881675,0.0
82,0.7079646472481749,0.0,0.0,0.0,0.00402312570470703,0.0,0.10845640958447302,0.0,0.09124898982399558,0.0,0.0,0.08830682763864942,0.0
83,0.6982141636833397,0.010541448087337401,0.0,0.0,0.013937149463980973,0.0,0.09976079345191373,0.0,0.08006279989324676,0.0,0.0,0.09748364542018144,0.0
84,0.655099627958966,0.06170684427139624,0.0,0.0,0.020388863100015673,0.0,0.09044478795904679,0.0,0.06613087082326462,0.0,0.0,0.10622900588731056,0.0
85,0.6189919197598437,0.09706822107952601,0.0,0.0,0.02921451790682215,0.0,0.08137074463545801,0.0,0.05550110556243498,0.0,0.0,0.11785349105591504,0.0
86,0.5733752195122147,0.1379724412982837,0.0,0.0,0.038258610747913716,0.0,0.07243291185687681,0.0,0.044889865769234934,0.0,0.0,0.1330709508154761,0.0
87,0.5290279342902346,0.18660502769335846,0.0,0.0,0.04485381350569206,0.0,0.06336199144348703,0.0,0.03213444847825418,0.0,0.0,0.1440167845889737,0.0
88,0.4890995793630645,0.22669447525525097,0.0,0.0,0.05294400291613724,0.0,0.05482666498416152,0.0,0.021032938207437138,0.0,0.0,0.15540233927394875,0.0
89,0.44641316366213046,0.2641323455938204,0.0,0.0,0.06270437040957602,0.0,0.045412739024780845,0.0,0.009912427075915152,0.0,0.0,0.1714249542337773,0.0
90,0.40369684563437674,0.3105815642110198,0.0,0.0,0.07008650178116448,0.0,0.0359770600724329,0.0,0.0,0.0,0.0,0.17965802830100602,0.0
91,0.3604306418191055,0.35049736410335414,0.0,0.0,0.0805603778423608,0.0,0.025198532926034172,0.0,0.0,0.0,0.0,0.18331308330914522,0.0
92,0.311509311434783,0.3930240486258531,0.0,0.0,0.09053174184619632,0.0,0.018411646622822058,0.0,0.0,0.0,0.0,0.18652325147034554,0.0
93,0.2643050637883692,0.4414872678384114,0.0,0.0,0.09863083793132515,0.0,0.007989182136280002,0.0,0.0,0.0,0.0,0.18758764830561422,0.0
94,0.2203616826212115,0.4812265081229432,0.0,0.0,0.10616530099990956,0.0,0.0011335752749035224,0.0,0.0014178112888401145,0.0,0.0,0.1896951216921922,0.0
95,0.17505816171748928,0.5239871448556103,0.0,0.0,0.10807861618098388,0.0,0.0,0.0,0.01132806183591396,0.0,0.0,0.1815480154100026,0.0
96,0.128777624257125,0.5686972841300149,0.0,0.0,0.10825071222782759,0.0,0.0,0.0,0.023867649857726776,0.0,0.0,0.17040672952730576,0.0
97,0.07296042320454464,0.6221111163397415,0.0,0.0,0.1098983721044373,0.0,0.0,0.0,0.033886960584191675,0.0,0.0,0.16114312776708486,0.0
98,0.027742416062016717,0.6675711304950205,0.0,0.0,0.11079647606188715,0.0,0.0,0.0,0.04522862380585362,0.0,0.0,0.14866135357522203,0.0
99,0.0,0.6902162184419196,0.0,0.0,0.11016951219894386,0.0,0.0034096858679903753,0.0,0.05775589137409978,0.0,0.0,0.13844869211704652,0.0
100,0.0,0.6866119924978887,0.0,0.0,0.10159678983004279,0.0,0.013643951030218092,0.0,0.06931998877946463,0.0,0.0,0.12882727786238568,0.0
101,0.01099299289521698,0.6781390421988571,0.0,0.0,0.09210665488872874,0.0,0.023728628208298977,0.0,0.08190109112629947,0.0,0.0,0.11313159068259872,0.0
102,0.053820442392849756,0.635846278122769,0.0,0.0,0.0844724227508952,0.0,0.03135066986723217,0.0,0.09422025675012169,0.0,0.0,0.10028993011613235,0.0
103,0.09588948532284203,0.5959758333615317,0.0,0.0,0.07494663543684425,0.0,0.041294038104662346,0.0,0.10415782702672036,0.0,0.0,0.08773618074739943,0.0
104,0.1427153603239562,0.5497112074125262,0.0,0.0,0.06528482079491887,0.0,0.0501161550295083,0.0,0.11712279719239384,0.0,0.0,0.07504965924669653,0.0
105,0.1848882909229092,0.5065423673374867,0.0,0.0,0.055980795651321975,0.0,0.06047148405195991,0.0,0.13257461766879994,0.0,0.0,0.05954244436752229,0.0
106,0.2252532202417649,0.4683666538442321,0.0,0.0,0.04818351489779128,0.0,0.07033950994084999,0.0,0.14135620017118028,0.0,0.0,0.046500900904181464,0.0
107,0.2719318549724855,0.42181306961098464,0.0,0.0,0.03848170740379157,0.0,0.07845461465600215,0.0,0.15555484577221865,0.0,0.0,0.03376390758451755,0.0
108,0.31251618295059164,0.3786452778861242,0.0,0.0,0.03077118411576944,0.0,0.08751779589818205,0.0,0.16808295073969134,0.0,0.0,0.022466608409641545,0.0
109,0.35437892924882547,0.3365589780550248,0.0,0.0,0.019857582451531408,0.0,0.09815710861714458,0.0,0.18301194840152163,0.0,0.0,0.008035453225951953,0.0
110,0.39908328202115884,0.2916893936028359,0.0,0.0,0.010970348828673187,0.0,0.10709789030268539,0.0,0.19115908524464653,0.0,0.0,0.0,0.0
111,0.4408379680838318,0.24305884000812644,0.0,0.0,0.0021963649695952675,0.0,0.11782852641458767,0.0,0.19607830052385875,0.0,0.0,0.0,0.0
112,0.48167373775131345,0.1990281395185071,0.0,0.0,0.0,0.0,0.11813085116858789,0.0,0.19009411365368528,0.0,0.0,0.01107315790790635,0.0
113,0.5281043135693789,0.15001031002008045,0.0,0.0,0.0,0.0,0.1185939228436663,0.0,0.17807649869408376,0.0,0.0,0.025214954872790633,0.0
114,0.5736314808388948,0.10188012875604631,0.0,0.0,0.0,0.0,0.11981021290177221,0.0,0.16834357916821757,0.0,0.0,0.03633459833506921,0.0
115,0.6103533815372877,0.06339908541464323,0.0,0.0,0.0,0.0,0.11912550918269389,0.0,0.15720599031084068,0.0,0.0,0.04991603355453457,0.0
116,0.6589707020933229,0.015784830126663194,0.0,0.0,0.0,0.0,0.11851888326620627,0.0,0.1444582244706508,0.0,0.0,0.06226736004315678,0.0
117,0.6737069224971771,0.0,0.0,0.0,0.004264302223672627,0.0,0.11385982634288547,0.0,0.1322462546418186,0.0,0.0,0.07592269429444604,0.0
118,0.6754833154440908,0.0,0.0,0.0,0.012711388220207015,0.0,0.10491363733912798,0.0,0.11877858099030479,0.0,0.0,0.08811307800626952,0.0
119,0.6551898167593231,0.024942201289794103,0.0,0.0,0.02069731436275197,0.0,0.0942170624961722,0.0,0.10330024739038203,0.0,0.0,0.10165335770157674,0.0
120,0.6173131287725098,0.06470720306277446,0.0,0.0,0.02896124055675801,0.0,0.08659506997917647,0.0,0.09146628719621899,0.0,0.0,0.11095707043256238,0.0
121,0.5787044595036016,0.09974810899800883,0.0,0.0,0.039612737557501096,0.0,0.07724322890578907,0.0,0.08021435783413734,0.0,0.0,0.12447710720096215,0.0
122,0.5403981225120271,0.14281766587744632,0.0,0.0,0.04652126677386378,0.0,0.06654588174090509,0.0,0.06598349195614113,0.0,0.0,0.13773357113961657,0.0
123,0.49832297719328117,0.1828653818684241,0.0,0.0,0.05523927763002245,0.0,0.057819035167326095,0.0,0.054082955427055227,0.0,0.0,0.15167037271389103,0.0
124,0.45501888538850804,0.224994095706237,0.0,0.0,0.06427550966362756,0.0,0.047230879981865065,0.0,0.041555341647223666,0.0,0.0,0.16692528761253853,0.0
125,0.4127258535654552,0.2659756777950617,0.0,0.0,0.07446440804245946,0.0,0.038413506676949004,0.0,0.02796314192582316,0.0,0.0,0.1804574119942516,0.0
126,0.37022679921087265,0.3093718304577312,0.0,0.0,0.08190065437540173,0.0,0.029032544614964476,0.0,0.015450505215042118,0.0,0.0,0.1940176661259878,0.0
127,0.32650612028384507,0.35122266848041095,0.0,0.0,0.09113248571844851,0.0,0.019648247862787467,0.0,0.007706929111376781,0.0,0.0,0.2037835485431313,0.0
128,0.2840502055942273,0.38704697049341125,0.0,0.0,0.10269679989427505,0.0,0.009402207734129617,0.0,0.007828037668840094,0.0,0.0,0.2089757786151167,0.0
129,0.23961942954119625,0.4345971002983687,0.0,0.0,0.10896877325507495,0.0,0.0011499965581738029,0.0,0.007771458599680335,0.0,0.0,0.20789324174750598,0.0
130,0.1971394527923005,0.4801375121021678,0.0,0.0,0.11178768314927744,0.0,0.0,0.0,0.010846365547302748,0.0,0.0,0.20008898640895145,0.0
131,0.1548801758018244,0.5226133706081905,0.0,0.0,0.11169219409899728,0.0,0.0,0.0,0.02329689438188573,0.0,0.0,0.18751736510910205,0.0
132,0.11170454287050038,0.5634204150484884,0.0,0.0,0.11216802398295933,0.0,0.0,0.0,0.035677730165568466,0.0,0.0,0.17702928793248338,0.0
133,0.06880890831069446,0.6084281481573528,0.0,0.0,0.11241876076897438,0.0,0.0,0.0,0.049434262610835604,0.0,0.0,0.16090992015214264,0.0
134,0.015845334844083372,0.6547010786968713,0.0,0.0,0.11478164049984613,0.0,0.0,0.0,0.06369313188925191,0.0,0.0,0.15097881406994712,0.0
135,0.0,0.6691120917446208,0.0,0.0,0.11197717322008338,0.0,0.005890282552675223,0.0,0.07531299016158662,0.0,0.0,0.13770746232103395,0.0
136,0.005211190606755036,0.6615166404372286,0.0,0.0,0.10262912257693586,0.0,0.015092117515953634,0.0,0.08871055522192764,0.0,0.0,0.12684037364119927,0.0
137,0.04204382777931119,0.6285825587439,0.0,0.0,0.09368025288296124,0.0,0.02450607841973044,0.0,0.10202842039543933,0.0,0.0,0.10915886177865769,0.0
138,0.08815618985964185,0.5798913516811264,0.0,0.0,0.08423114528045118,0.0,0.03583557668160995,0.0,0.11541783411173741,0.0,0.0,0.09646790238543307,0.0
139,0.12921133808336935,0.5416717302508846,0.0,0.0,0.07557038374911584,0.0,0.04396069944610558,0.0,0.12837501455358724,0.0,0.0,0.08121083391693726,0.0
140,0.16992793780821272,0.5023848479369473,0.0,0.0,0.06450690159084975,0.0,0.05436924705253792,0.0,0.1429915462692271,0.0,0.0,0.06581951934222535,0.0
141,0.21502717704510163,0.4559333039758958,0.0,0.0,0.056554386453013875,0.0,0.06465763420573052,0.0,0.15425832953693372,0.0,0.0,0.053569168783324496,0.0
142,0.25625189667428583,0.4118847988888864,0.0,0.0,0.04778936190700594,0.0,0.07424514125107688,0.0,0.16989753825815399,0.0,0.0,0.03993126302059105,0.0
143,0.2958132555278425,0.37494354728462137,0.0,0.0,0.03861988474414289,0.0,0.08340809780698098,0.0,0.1829884750168924,0.0,0.0,0.024226739619519915,0.0
144,0.3413691671709002,0.3283243642103853,0.0,0.0,0.028419064543412906,0.0,0.09288373145655542,0.0,0.19690092066675144,0.0,0.0,0.012102751951994553,0.0
145,0.3808293081861037,0.28607525193047223,0.0,0.0,0.019292632649364764,0.0,0.10330295152630853,0.0,0.21049985570775076,0.0,0.0,0.0,0.0
146,0.42050652795711274,0.24364096282521572,0.0,0.0,0.010168588290949203,0.0,0.11265681104380948,0.0,0.21302710988291287,0.0,0.0,0.0,0.0
147,0.4660064942800539,0.1967360459370222,0.0,0.0,0.0,0.0,0.1210975945714309,0.0,0.21446574511456534,0.0,0.0,0.001694120096927574,0.0
148,0.5068815776777893,0.15480429817830516,0.0,0.0,0.0,0.0,0.12028592125694355,0.0,0.2044183312335542,0.0,0.0,0.013609871653407749,0.0
149,0.5495638455509464,0.10825771001386614,0.0,0.0,0.0,0.0,0.12344319728825534,0.0,0.1914785224961526,0.0,0.0,0.02725672465077962,0.0
150,0.5940555570516591,0.06152046762013778,0.0,0.0,0.0,0.0,0.12341268220525259,0.0,0.1787574499707703,0.0,0.0,0.04225384315218029,0.0
151,0.6311950862166591,0.025190488225563072,0.0,0.0,0.0,0.0,0.12166179068622948,0.0,0.16502191856952644,0.0,0.0,0.05693071630202192,0.0
152,0.6580147914369621,0.0,0.0,0.0,0.0021884299770240207,0.0,0.11879858904142465,0.0,0.15134813614983475,0.0,0.0,0.06965005339475451,0.0
153,0.6565433002134182,0.0,0.0,0.0,0.011010836920649126,0.0,0.10862017904301903,0.0,0.13851239852641584,0.0,0.0,0.08531328529649762,0.0
154,0.6377616180075079,0.024692011958978893,0.0,0.0,0.019672080162562135,0.0,0.09735130730657526,0.0,0.1210488252819242,0.0,0.0,0.09947415728245172,0.0
155,0.5967675326411688,0.05926894799394027,0.0,0.0,0.02956234791028312,0.0,0.09092579406904387,0.0,0.11187090040445191,0.0,0.0,0.111604476981112,0.0
156,0.5562768835038538,0.10307691281595503,0.0,0.0,0.038188064449654745,0.0,0.08261188682226385,0.0,0.0967700503990775,0.0,0.0,0.12307620200919507,0.0
157,0.5177364636342935,0.14542044875719046,0.0,0.0,0.046495555706994714,0.0,0.0703357523063505,0.0,0.08286686651980445,0.0,0.0,0.1371449130753663,0.0
158,0.4723928844843205,0.18512755597466782,0.0,0.0,0.05673312264596503,0.0,0.06163080395613007,0.0,0.07035743388204714,0.0,0.0,0.15375819905686938,0.0
159,0.427970852786983,0.22898448367336946,0.0,0.0,0.06675796924803966,0.0,0.05112300887501355,0.0,0.055428016608261854,0.0,0.0,0.16973566880833255,0.0
160,0.39175211697861156,0.2668533646456753,0.0,0.0,0.07436522725695686,0.0,0.04156570331052927,0.0,0.04192472776774677,0.0,0.0,0.18353886004048023,0.0
161,0.34899631520220875,0.30316767693453184,0.0,0.0,0.0851582186047078,0.0,0.032387203965619886,0.0,0.02877707059153537,0.0,0.0,0.20151351470139645,0.0
162,0.30774051452408835,0.34680230552662095,0.0,0.0,0.09529318454214157,0.0,0.020415164292052347,0.0,0.013571037562422906,0.0,0.0,0.21617779355267394,0.0
163,0.2623015726189621,0.39352886860474495,0.0,0.0,0.10406126854601803,0.0,0.01085559983914464,0.0,0.003395112373650238,0.0,0.0,0.22585757801747994,0.0
164,0.22083279093992456,0.4341316959074682,0.0,0.0,0.11477838659013717,0.0,0.002412870580982777,0.0,0.0,0.0,0.0,0.2278442559814873,0.0
165,0.17487134668797563,0.4784464860162367,0.0,0.0,0.1173739895720656,0.0,0.0,0.0,0.008558136732637582,0.0,0.0,0.22075004099108458,0.0
166,0.13757137734907654,0.5140376702661313,0.0,0.0,0.12014771146068311,0.0,0.0,0.0,0.022240446031657268,0.0,0.0,0.20600279489245177,0.0
167,0.09427429477555557,0.5600719322750577,0.0,0.0,0.11727620928159482,0.0,0.0,0.0,0.037223432166341906,0.0,0.0,0.19115413150144994,0.0
168,0.05227752908451487,0.6021449179352364,0.0,0.0,0.11676160754659472,0.0,0.0,0.0,0.05082225052371558,0.0,0.0,0.17799369490993835,0.0
169,0.01548262327969374,0.6433953404886948,0.0,0.0,0.11619916496910643,0.0,0.0,0.0,0.06376306123940316,0.0,0.0,0.161159810023102,0.0
170,0.0,0.6550342489892559,0.0,0.0,0.1128335675101562,0.0,0.005970745437320385,0.0,0.07769303179721176,0.0,0.0,0.14846840626605565,0.0
171,0.010266717313712665,0.6452603719381201,0.0,0.0,0.10131889086174366,0.0,0.016647773018383365,0.0,0.09255845802339135,0.0,0.0,0.1339477888446491,0.0
172,0.05115424641069743,0.6055235794596587,0.0,0.0,0.09208694388815145,0.0,0.026084608429631045,0.0,0.10581099212507887,0.0,0.0,0.11933962968678243,0.0
173,0.09097361022799731,0.5648080211873914,0.0,0.0,0.08269525490029986,0.0,0.03649925802326435,0.0,0.1204243844344513,0.0,0.0,0.10459947122659582,0.0
174,0.13495633032125945,0.5281448684650483,0.0,0.0,0.07320648326863091,0.0,0.0443999246737288,0.0,0.1331184318873576,0.0,0.0,0.08617396138397501,0.0
175,0.17467054580091293,0.4853361714007107,0.0,0.0,0.06083216152735609,0.0,0.055020448484920985,0.0,0.15035189142143038,0.0,0.0,0.07378878136466882,0.0
176,0.21541497918410785,0.4440160489408663,0.0,0.0,0.05434984322321741,0.0,0.06476034741242231,0.0,0.16348813760726108,0.0,0.0,0.05797064363212505,0.0
177,0.2544476826941962,0.40869961722604303,0.0,0.0,0.04390477948404252,0.0,0.07410883395605872,0.0,0.17724590771359683,0.0,0.0,0.04159317892606277,0.0
178,0.2919152087593299,0.3673414173664443,0.0,0.0,0.0326930705728882,0.0,0.08565054996191043,0.0,0.19685245245929817,0.0,0.0,0.025547300880128944,0.0
179,0.3343919952461052,0.324566295999328,0.0,0.0,0.025518364290698144,0.0,0.09460864936154863,0.0,0.2082373894314322,0.0,0.0,0.012677305670887887,0.0
180,0.37711506061265754,0.2759985085161031,0.0,0.0,0.017532544845355894,0.0,0.10626665610331266,0.0,0.22127923380011003,0.0,0.0,0.0018079961224607742,0.0
181,0.41385174718444606,0.2382544678409231,0.0,0.0,0.00694839530471193,0.0,0.11514190351464623,0.0,0.2258034861552726,0.0,0.0,0.0,0.0
182,0.45717894431697104,0.1967475962277738,0.0,0.0,0.0011498864675003734,0.0,0.12212862512965118,0.0,0.22100623195481875,0.0,0.0,0.001788715903284916,0.0
183,0.4984589744634763,0.15154539285920457,0.0,0.0,0.0,0.0,0.12509640425438004,0.0,0.21059086689017736,0.0,0.0,0.014308361532761677,0.0
184,0.5368255796038647,0.11040463582046671,0.0,0.0,0.0,0.0,0.12381489124109404,0.0,0.19688375399879524,0.0,0.0,0.03207113933577932,0.0
185,0.5828009842147958,0.06516660748769193,0.0,0.0,0.0,0.0,0.12186382538122068,0.0,0.18394617466652508,0.0,0.0,0.04622240824976656,0.0
186,0.6239520211453656,0.019916467372774638,0.0,0.0,0.0,0.0,0.12339757598028639,0.0,0.17237322735678967,0.0,0.0,0.06036070814478368,0.0
187,0.6438823665993311,0.0,0.0,0.0,0.003415998428066751,0.0,0.12344909528102012,0.0,0.15667511333506615,0.0,0.0,0.07257742635651596,0.0
188,0.645146959669864,0.0,0.0,0.0,0.01361849530328379,0.0,0.11168307678343725,0.0,0.14118163030931985,0.0,0.0,0.08836983793409516,0.0
189,0.639476027861639,0.004975002066940161,0.0,0.0,0.023898716676262685,0.0,0.10270891214324342,0.0,0.12605372332790918,0.0,0.0,0.10288761792400529,0.0
190,0.5998489100002111,0.04372894405546235,0.0,0.0,0.032597734957408406,0.0,0.09349758610678426,0.0,0.11269730543865845,0.0,0.0,0.11762951944147539,0.0
191,0.5614808649052422,0.08713305643706888,0.0,0.0,0.04155765922388166,0.0,0.0828367391336442,0.0,0.09697380026882306,0.0,0.0,0.13001788003133988,0.0
192,0.5232104792351706,0.12915988672492063,0.0,0.0,0.04899806802990478,0.0,0.07152528241101362,0.0,0.08228045119241183,0.0,0.0,0.14482583240657856,0.0
193,0.489058932912404,0.15872671838690938,0.0,0.0,0.0595331136359982,0.0,0.06145898474198437,0.0,0.06719775264744557,0.0,0.0,0.1640244976752584,0.0
194,0.44758852586855086,0.203115690363236,0.0,0.0,0.06792774206988016,0.0,0.0534301870075665,0.0,0.05163621407855884,0.0,0.0,0.17630164061220785,0.0
195,0.4021046015351653,0.24594111025450746,0.0,0.0,0.07812959748363874,0.0,0.04368982727705336,0.0,0.039132283885967116,0.0,0.0,0.1910025795636681,0.0
196,0.36053556348492305,0.28788879639281384,0.0,0.0,0.08699969717501549,0.0,0.032677856853755426,0.0,0.023054314364209606,0.0,0.0,0.20884377172928262,0.0
197,0.3217544017468443,0.3227829738398505,0.0,0.0,0.09780026359400106,0.0,0.02190382718135163,0.0,0.010683825110891883,0.0,0.0,0.22507470852706063,0.0
198,0.28039495488257626,0.3634584476957338,0.0,0.0,0.10503830452374098,0.0,0.011925222632963237,0.0,0.008716823900471363,0.0,0.0,0.23046624636451435,0.0
199,0.23813114235618973,0.40123322357960467,0.0,0.0,0.11446130072203316,0.0,0.0012023834546290098,0.0,0.008804876203317864,0.0,0.0,0.23616707368422557,0.0
200,0.19803678185335255,0.44609892104774523,0.0,0.0,0.11632256013720442,0.0,0.0,0.0,0.014102893773158967,0.0,0.0,0.2254388431885388,0.0
201,0.15279136844942462,0.49140586131409814,0.0,0.0,0.114806514459556,0.0,0.0,0.0,0.028251803133817144,0.0,0.0,0.21274445264310418,0.0
202,0.11683783576682734,0.5257533282194995,0.0,0.0,0.11626090562033915,0.0,0.0,0.0,0.04410102338527173,0.0,0.0,0.19704690700806218,0.0
203,0.07108869207324058,0.5718607196669192,0.0,0.0,0.1169262405372515,0.0,0.0,0.0,0.05655736134348151,0.0,0.0,0.1835669863791072,0.0
204,0.03055475131672237,0.6132285472059751,0.0,0.0,0.11752702475207294,0.0,0.0,0.0,0.07076411665859535,0.0,0.0,0.16792556006663414,0.0
205,0.0,0.6425439432135295,0.0,0.0,0.11726460091219815,0.0,0.002426707385049482,0.0,0.0835550233297612,0.0,0.0,0.15420972515946157,0.0
206,0.0,0.6404336280498545,0.0,0.0,0.10868824540789859,0.0,0.013277577586709263,0.0,0.0989532858693362,0.0,0.0,0.13864726308620146,0.0
207,0.00999286376289385,0.6283042034386274,0.0,0.0,0.09855046513577397,0.0,0.02405523027095269,0.0,0.11316286701157506,0.0,0.0,0.12593437038017702,0.0
208,0.049713779578769324,0.5918572882843319,0.0,0.0,0.0899203658768095,0.0,0.033449698686147916,0.0,0.12660067676232456,0.0,0.0,0.10845819081161678,0.0
209,0.08936450985204146,0.5554939857423307,0.0,0.0,0.0785591869801204,0.0,0.04183129405506445,0.0,0.14283376387328706,0.0,0.0,0.09191725949715605,0.0
210,0.13292227748008417,0.5143367160169281,0.0,0.0,0.0688532565141937,0.0,0.05109473358590166,0.0,0.15631700241180843,0.0,0.0,0.07647601399108399,0.0
211,0.1704154764496184,0.47704420813652326,0.0,0.0,0.060236640040658956,0.0,0.06008057279210945,0.0,0.16933059489935814,0.0,0.0,0.06289250768173181,0.0
212,0.2114954808704495,0.4347654867424564,0.0,0.0,0.05168012105260901,0.0,0.07278113022887583,0.0,0.1843060479505875,0.0,0.0,0.0449717331550219,0.0
213,0.25387250445331194,0.39321828044560797,0.0,0.0,0.04086158074542736,0.0,0.08072126728451877,0.0,0.19966476162808802,0.0,0.0,0.031661605443046005,0.0
214,0.29334690839801464,0.3552453101437176,0.0,0.0,0.031621699634470736,0.0,0.09174196806538022,0.0,0.21687912619673191,0.0,0.0,0.011164987561684929,0.0
215,0.3343276318963572,0.3131095035666856,0.0,0.0,0.022409407767901474,0.0,0.10206826077359807,0.0,0.22808519599545768,0.0,0.0,0.0,0.0
216,0.37475094485690297,0.2706152026225176,0.0,0.0,0.011645705166092658,0.0,0.11077729586847199,0.0,0.23221085148601486,0.0,0.0,0.0,0.0
217,0.4150621979520227,0.2270712089028239,0.0,0.0,0.0034965839546067406,0.0,0.12216174784576883,0.0,0.23220826134477773,0.0,0.0,0.0,0.0
218,0.45434426718106435,0.18739455829864263,0.0,0.0,0.0,0.0,0.12479251445442277,0.0,0.22420452367088325,0.0,0.0,0.009264136394986815,0.0
219,0.4952692938305184,0.1467113700315848,0.0,0.0,0.0,0.0,0.12306317805674218,0.0,0.2110836166841758,0.0,0.0,0.02387254139697884,0.0
220,0.5335143316869221,0.10726975901926436,0.0,0.0,0.0,0.0,0.12194221259402684,0.0,0.19521080988255451,0.0,0.0,0.04206288681723224,0.0
221,0.5717103799845137,0.06779698452760163,0.0,0.0,0.0,0.0,0.12311149828835938,0.0,0.18091568495892288,0.0,0.0,0.05646545224060237,0.0
222,0.6164123963383598,0.02407291330372308,0.0,0.0,0.0,0.0,0.12337927462705868,0.0,0.16699519708501884,0.0,0.0,0.06914021864583961,0.0
223,0.6319547077047282,0.0,0.0,0.0,0.004619470473525435,0.0,0.12336822009135459,0.0,0.15397649277949335,0.0,0.0,0.0860811089508986,0.0
224,0.6157747373214268,0.023666348753265124,0.0,0.0,0.013561908967104836,0.0,0.11162451877820266,0.0,0.13856810291549163,0.0,0.0,0.09680438326450896,0.0
225,0.5787075644392868,0.06196035573443841,0.0,0.0,0.021616829577805155,0.0,0.10199151373474334,0.0,0.12181617737127085,0.0,0.0,0.11390755914245553,0.0
226,0.5367160214300057,0.09984362056488556,0.0,0.0,0.032976088927205625,0.0,0.09264703755116066,0.0,0.10750402120239781,0.0,0.0,0.13031321032434456,0.0
227,0.5011092472295332,0.13342110397932322,0.0,0.0,0.0422486120583007,0.0,0.08233821039522783,0.0,0.09344484505149102,0.0,0.0,0.14743798128612398,0.0
228,0.4603990768084759,0.17500713510884416,0.0,0.0,0.052275582507256856,0.0,0.07238515249366538,0.0,0.08029031996776866,0.0,0.0,0.15964273311398894,0.0
229,0.41846698493296625,0.22008300292266442,0.0,0.0,0.06087735423447102,0.0,0.06230341934388424,0.0,0.06337611854457433,0.0,0.0,0.17489312002143972,0.0
230,0.377306584603009,0.2586640928924736,0.0,0.0,0.07031251317633012,0.0,0.05185889817918769,0.0,0.04918148991212076,0.0,0.0,0.19267642123687878,0.0
231,0.3374596242870079,0.2948268819046036,0.0,0.0,0.08156308136712445,0.0,0.042730500713907514,0.0,0.035013494288362784,0.0,0.0,0.20840641743899388,0.0
232,0.2947124477567909,0.3345932183349886,0.0,0.0,0.09252984293816088,0.0,0.03440761429690458,0.0,0.018561435322848097,0.0,0.0,0.225195441350307,0.0
233,0.2610845702444898,0.37006310298895345,0.0,0.0,0.10134413372993593,0.0,0.023460141120751447,0.0,0.003698388447743441,0.0,0.0,0.24034966346812578,0.0
234,0.22071959829826415,0.4130901830084601,0.0,0.0,0.1108045767826876,0.0,0.012345937999941445,0.0,0.0,0.0,0.0,0.24303970391064667,0.0
235,0.17947373940500713,0.4539288020921475,0.0,0.0,0.1196962498833756,0.0,0.002443106292880461,0.0,0.0018244643806193195,0.0,0.0,0.2426336379459701,0.0
236,0.1360480731123155,0.49384577705824134,0.0,0.0,0.12380285279453096,0.0,0.0,0.0,0.013026503855085952,0.0,0.0,0.23327679317982628,0.0
237,0.09021150642816925,0.5409659955367152,0.0,0.0,0.12480344150384097,0.0,0.0,0.0,0.02410432478316575,0.0,0.0,0.219914731748109,0.0
238,0.0501448736207554,0.5784838919723575,0.0,0.0,0.12216879456208024,0.0,0.0,0.0,0.04277432246487366,0.0,0.0,0.20642811737993313,0.0
239,0.009950603385507713,0.6183638715513841,0.0,0.0,0.12268265148095023,0.0,0.0,0.0,0.05891871701238134,0.0,0.0,0.19008415656977654,0.0
240,0.009883546294653224,0.6190749289538234,0.0,0.0,0.1145776930178691,0.0,0.006098431699002334,0.0,0.07533659157032914,0.0,0.0,0.17502880846432264,0.0
241,0.04946820646904795,0.5818007793920646,0.0,0.0,0.10655241390641894,0.0,0.015871998079596425,0.0,0.08818587284884048,0.0,0.0,0.15812072930403154,0.0
242,0.08839776985047175,0.5428185528037209,0.0,0.0,0.0970023420168154,0.0,0.026742452874387125,0.0,0.10439372453492458,0.0,0.0,0.14064515791968024,0.0
243,0.13204933209055372,0.5000733978089631,0.0,0.0,0.08528650738210125,0.0,0.03639892823271425,0.0,0.12080831259345044,0.0,0.0,0.12538352189221713,0.0
244,0.17042259233629628,0.4609232708993256,0.0,0.0,0.07572953607702194,0.0,0.04597404299142808,0.0,0.13523526872344838,0.0,0.0,0.11171528897247977,0.0
245,0.2084902296587732,0.4216408434434368,0.0,0.0,0.06736325089706054,0.0,0.0567036133223362,0.0,0.1496556820094354,0.0,0.0,0.09614638066895793,0.0
246,0.2530139226134869,0.3804452167703107,0.0,0.0,0.0570819417766016,0.0,0.06669390171151594,0.0,0.16534834700314657,0.0,0.0,0.0774166701249383,0.0
247,0.28865263081320924,0.34793511020861084,0.0,0.0,0.047126542556289334,0.0,0.07446826630928259,0.0,0.17859248870524608,0.0,0.0,0.06322496140736192,0.0
248,0.3280030838568642,0.3055980702493009,0.0,0.0,0.03784418144865754,0.0,0.08441302278525097,0.0,0.19608723394987845,0.0,0.0,0.048054407710047924,0.0
249,0.36897304740953313,0.26993198504620297,0.0,0.0,0.027035804823976054,0.0,0.09355800240066114,0.0,0.2099752694507166,0.0,0.0,0.03052589086891006,0.0
250,0.40825622471423345,0.2271070627202086,0.0,0.0,0.01767074038316167,0.0,0.1059154704529621,0.0,0.22576064458187164,0.0,0.0,0.015289857147562699,0.0
251,0.44965041145940865,0.18469184416901188,0.0,0.0,0.008304976685137494,0.0,0.11643217646221973,0.0,0.24092059122422232,0.0,0.0,0.0,0.0
252,0.48838572015978854,0.14901265623478233,0.0,0.0,0.0,0.0,0.12144611724223552,0.0,0.23928151584865429,0.0,0.0,0.001873990514539273,0.0
253,0.5250302293702791,0.10514501237433455,0.0,0.0,0.0,0.0,0.12476650760994143,0.0,0.2299691302047874,0.0,0.0,0.015089120440657564,0.0
254,0.5672767801476467,0.06240861347683042,0.0,0.0,0.0,0.0,0.12454753162300362,0.0,0.2154824272283202,0.0,0.0,0.030284647524199158,0.0
255,0.6102339267398957,0.019028216197049076,0.0,0.0,0.0,0.0,0.12453655839196025,0.0,0.19898723628338102,0.0,0.0,0.047214062387714,0.0
256,0.629808904336848,0.0,0.0,0.0,0.0035144854512272243,0.0,0.12193470292413723,0.0,0.18210744718927624,0.0,0.0,0.06263446009851131,0.0
257,0.6097470987245704,0.018950471941803805,0.0,0.0,0.01389189366160043,0.0,0.11115373478074994,0.0,0.1674945566934985,0.0,0.0,0.07876224419777703,0.0
258,0.5703042392204465,0.05674778194913083,0.0,0.0,0.02318992603861761,0.0,0.10212371489209533,0.0,0.153589200050401,0.0,0.0,0.09404513784930872,0.0
259,0.5329435307024386,0.0981170464184412,0.0,0.0,0.033314133218521474,0.0,0.09171981747636708,0.0,0.1357747119453246,0.0,0.0,0.10813076023890697,0.0
260,0.4941611199391114,0.13618514379553162,0.0,0.0,0.04280804443566129,0.0,0.08277739081110562,0.0,0.12197128859444198,0.0,0.0,0.12209701242414818,0.0
261,0.44806836654605425,0.17876806886612728,0.0,0.0,0.05338235448846165,0.0,0.0746057431626306,0.0,0.10747070657680598,0.0,0.0,0.1377047603599202,0.0
262,0.41774299276777654,0.2150527606500685,0.0,0.0,0.061266394816734356,0.0,0.06341937099751528,0.0,0.09024536262760424,0.0,0.0,0.1522731181403011,0.0
263,0.38078635629261776,0.24872037643639766,0.0,0.0,0.07203893633251382,0.0,0.05268288474600053,0.0,0.07554413519099795,0.0,0.0,0.1702273110014721,0.0
264,0.3386404669356012,0.29259328529448253,0.0,0.0,0.07944535336428202,0.0,0.043704084783454424,0.0,0.059860202774705565,0.0,0.0,0.18575660684747425,0.0
265,0.2935038906828448,0.33765506659045735,0.0,0.0,0.0908299377393905,0.0,0.03313893865633759,0.0,0.04350015213754131,0.0,0.0,0.2013720141934284,0.0
266,0.25551927610083697,0.37198954951506863,0.0,0.0,0.10186488857973708,0.0,0.02219301567638493,0.0,0.02849849234473475,0.0,0.0,0.21993477778323758,0.0
267,0.21134252319755628,0.41483124254146103,0.0,0.0,0.11147346859324539,0.0,0.011092986889955327,0.0,0.013298743228982274,0.0,0.0,0.23796103554879977,0.0
268,0.17040961977822977,0.4537804584223569,0.0,0.0,0.11891992189603928,0.0,0.0012022849116480078,0.0,0.009404725673620868,0.0,0.0,0.2462829893181051,0.0
269,0.13103540726418528,0.49027506403696325,0.0,0.0,0.12117166661874648,0.0,0.0,0.0,0.022464658628640586,0.0,0.0,0.23505320345146435,0.0
270,0.09756145324179374,0.5272939967243939,0.0,0.0,0.12111654401153821,0.0,0.0,0.0,0.032013664488921754,0.0,0.0,0.2220143415333524,0.0
271,0.04898091922247719,0.575007205679479,0.0,0.0,0.12350785939675217,0.0,0.0,0.0,0.04363510771230089,0.0,0.0,0.20886890798899066,0.0
272,0.014661996016790208,0.612180101737407,0.0,0.0,0.1234021084058895,0.0,0.0,0.0,0.06043077098423088,0.0,0.0,0.1893250228556823,0.0
273,0.0,0.6241548157500666,0.0,0.0,0.11765499169463998,0.0,0.006171118632758576,0.0,0.07617822315418946,0.0,0.0,0.17584085076834535,0.0
274,0.009602071992395185,0.619140014924415,0.0,0.0,0.10634714653157201,0.0,0.015772993767448718,0.0,0.09162897505841001,0.0,0.0,0.15750879772575904,0.0
275,0.048003467287478674,0.5796799182570787,0.0,0.0,0.09736908135760461,0.0,0.025464343547664147,0.0,0.10490159451045498,0.0,0.0,0.14458159503971893,0.0
276,0.08706424195274699,0.5369457649657593,0.0,0.0,0.08738937606113617,0.0,0.03788558353372401,0.0,0.12269087019183314,0.0,0.0,0.12802416329480032,0.0
277,0.1283592538547428,0.5014379521658769,0.0,0.0,0.07790536379160193,0.0,0.04573729528485732,0.0,0.13394006358142702,0.0,0.0,0.11262007132149404,0.0
278,0.16642918866485706,0.460835634868179,0.0,0.0,0.06753406688804506,0.0,0.056675348899838295,0.0,0.15304683662022522,0.0,0.0,0.09547892405885534,0.0
279,0.20533876864526843,0.42119481827572003,0.0,0.0,0.056080344339561904,0.0,0.0679112849373555,0.0,0.1710200358560716,0.0,0.0,0.0784547479460227,0.0
280,0.24627284335195973,0.3805010056213761,0.0,0.0,0.04978129795300521,0.0,0.07591759061914072,0.0,0.18133408983365526,0.0,0.0,0.066193172620863,0.0
281,0.2843607423266786,0.34320150738278465,0.0,0.0,0.03797532594770899,0.0,0.08694132092795222,0.0,0.20073184920360898,0.0,0.0,0.04678925421126676,0.0
282,0.3257966825207959,0.2992297413076423,0.0,0.0,0.027639351624127378,0.0,0.0990136018098709,0.0,0.21871181710745138,0.0,0.0,0.029608805630112107,0.0
283,0.365101480743952,0.2627162363679316,0.0,0.0,0.017821733484786387,0.0,0.10661834677407095,0.0,0.23407507742341482,0.0,0.0,0.013667125205844304,0.0
284,0.40318396510462207,0.2245601641763992,0.0,0.0,0.008314428295936229,0.0,0.1177276858266439,0.0,0.24621375659639863,0.0,0.0,0.0,0.0
285,0.43951343844949126,0.18553086967862423,0.0,0.0,0.0,0.0,0.12710109225529564,0.0,0.24785459961658876,0.0,0.0,0.0,0.0
286,0.48302083017147224,0.14263360097622438,0.0,0.0,0.0,0.0,0.12504410969062885,0.0,0.23380664330105533,0.0,0.0,0.015494815860619212,0.0
287,0.518294115321936,0.10393539880812264,0.0,0.0,0.0,0.0,0.1270209066171248,0.0,0.2180581912319017,0.0,0.0,0.032691388020914855,0.0
288,0.5571631064260278,0.06616131668240642,0.0,0.0,0.0,0.0,0.1249333207407185,0.0,0.2037226319055465,0.0,0.0,0.048019624245300686,0.0
289,0.5995557932361597,0.023531586586956123,0.0,0.0,0.0,0.0,0.12497661722236245,0.0,0.18674777330147482,0.0,0.0,0.06518822965304703,0.0
290,0.6185337674491203,0.0,0.0,0.0,0.0035365224262396836,0.0,0.12596614851504098,0.0,0.17291414197251573,0.0,0.0,0.07904941963708334,0.0
291,0.6008133507228648,0.01865780503442889,0.0,0.0,0.014001611206828387,0.0,0.11429622514158529,0.0,0.1566506825361863,0.0,0.0,0.09558032535810647,0.0
292,0.5611888788492643,0.06031726738392924,0.0,0.0,0.024373590569314613,0.0,0.10297716044389636,0.0,0.13893951394126255,0.0,0.0,0.11220358881233299,0.0
293,0.5197873332175731,0.10183058781694301,0.0,0.0,0.03362856863570944,0.0,0.093435971440879,0.0,0.12386489103509542,0.0,0.0,0.1274526478538001,0.0
294,0.4892917685079826,0.1343550397881785,0.0,0.0,0.04300952407324436,0.0,0.0829068881603766,0.0,0.10724110854414036,0.0,0.0,0.14319567092607757,0.0
295,0.44499701735750785,0.17675326898576324,0.0,0.0,0.052561080356447604,0.0,0.0736555866731207,0.0,0.09060173026307024,0.0,0.0,0.16143131636409047,0.0
296,0.4110564973646175,0.21533129847101587,0.0,0.0,0.059934229121903826,0.0,0.06300321370892249,0.0,0.07605281676839493,0.0,0.0,0.17462194456514538,0.0
297,0.37009370926221397,0.25112710683757167,0.0,0.0,0.07146198674608438,0.0,0.054217493736868114,0.0,0.061856803641272946,0.0,0.0,0.19124289977598874,0.0
298,0.329418688729546,0.29075835648256176,0.0,0.0,0.08148582479076714,0.0,0.04283930157943483,0.0,0.044113473786046666,0.0,0.0,0.21138435463164348,0.0
299,0.29190579037879144,0.32818432571742184,0.0,0.0,0.09223555431302248,0.0,0.03310349557066882,0.0,0.02880899289826712,0.0,0.0,0.22576184112182843,0.0
300,0.25182576630360254,0.3647517910766185,0.0,0.0,0.10285975700940418,0.0,0.02234200137324422,0.0,0.013600457973588343,0.0,0.0,0.24462022626354227,0.0
301,0.20937863013400296,0.4000553843960887,0.0,0.0,0.1143993783247406,0.0,0.01365917508088924,0.0,0.00977079049549762,0.0,0.0,0.25273664156878073,0.0
302,0.18088828403509094,0.41306289864152207,0.0,0.0,0.12560304041730402,0.0,0.0025648823025305983,0.0,0.010071688473570173,0.0,0.0,0.26780920612998216,0.0
303,0.14174471391026672,0.4326070534600997,0.0,0.0,0.13426092699578757,0.0,0.0,0.0,0.02528827924693435,0.0,0.0,0.26609902638691174,0.0
304,0.10511178121312613,0.457135128072778,0.0,0.0,0.14069258711492538,0.0,0.0,0.0,0.03333535394659803,0.0,0.0,0.2637251496525724,0.0
305,0.05788921154376797,0.4799206614044329,0.0,0.0,0.1478846013477574,0.0,0.0,0.0,0.05590225010585028,0.0,0.0,0.25840327559819143,0.0
306,0.011984868286936916,0.5004852648461002,0.0,0.0,0.15746546548247317,0.0,0.0,0.0,0.07747864812469013,0.0,0.0,0.25258575325979954,0.0
307,0.0,0.49011925261072903,0.0,0.0,0.15863305651860846,0.0,0.009931947858459118,0.0,0.1006400164420617,0.0,0.0,0.24067572657014172,0.0
308,0.0,0.45981066751403443,0.0,0.0,0.15266374948186914,0.0,0.025825437843362668,0.0,0.12928368726950645,0.0,0.0,0.23241645789122714,0.0
309,0.0,0.4345620318814772,0.0,0.0,0.14878119247798896,0.0,0.04031800811536387,0.0,0.15791668926642777,0.0,0.0,0.2184220782587423,0.0
310,0.0,0.39440643727976404,0.0,0.0,0.13915368770191267,0.0,0.05825483735710367,0.0,0.19817691146508057,0.0,0.0,0.21000812619613912,0.0
311,0.0,0.3560440270617176,0.0,0.0,0.13197401428931813,0.0,0.07843779229958038,0.0,0.2369388350664278,0.0,0.0,0.1966053312829562,0.0
312,0.0,0.3108589454488296,0.0,0.0,0.12308629739071737,0.0,0.10294043183550161,0.0,0.282956465242771,0.0,0.0,0.18015786008218035,0.0
313,0.0,0.25570469650430544,0.0,0.0,0.11048436221221013,0.0,0.13094274393062122,0.0,0.3420905700518708,0.0,0.0,0.16077762730099243,0.0
314,0.0,0.19760056124049177,0.0,0.0,0.10206436068239766,0.0,0.16292708140634365,0.0,0.4010597669820237,0.0,0.0,0.13634822968874316,0.0
315,0.0,0.12717367650779052,0.0,0.0,0.09056923468531983,0.0,0.20022697670288914,0.0,0.4676975191767814,0.0,0.0,0.1143325929272191,0.0
316,0.0,0.046235171520917696,0.0,0.0,0.06909701424868167,0.0,0.24682453851461694,0.0,0.5576934508931156,0.0,0.0,0.08014982482266798,0.0
317,0.0,0.0,0.0,0.0,0.04760127668411497,0.0,0.2748559826972424,0.0,0.6352863231673408,0.0,0.0,0.04225641745130188,0.0
318,0.0,0.0,0.0,0.0,0.019360503749231733,0.0,0.2825622609992791,0.0,0.6980772352514891,0.0,0.0,0.0,0.0
319,0.0,0.0,0.0,0.0,0.0,0.0,0.2832345122351171,0.0,0.7167654877648829,0.0,0.0,0.0,0.0
320,0.0,0.0,0.0,0.0,0.0,0.0,0.25572904275478076,0.0,0.6883888079627437,0.0,0.0,0.05588214928247545,0.0
321,0.0,0.0,0.0,0.0,0.0,0.0,0.2380511414015702,0.0,0.6650960789847296,0.0,0.0,0.09685277961370023,0.0
322,0.0,0.0,0.0,0.0,0.0,0.0,0.21245942816330893,0.0,0.6415677712497495,0.0,0.0,0.14597280058694162,0.0
323,0.0,0.0,0.0,0.0,0.0,0.0,0.18541382382880087,0.0,0.6102923349733493,0.0,0.0,0.20429384119784977,0.0
324,0.0,0.0,0.0,0.0,0.0,0.0,0.16213080464548757,0.0,0.5747300906128916,0.0,0.0,0.2631391047416209,0.0
325,0.0,0.0,0.0,0.0,0.0,0.0,0.13182319194983041,0.0,0.5518492749207192,0.0,0.0,0.31632753312945033,0.0
326,0.0,0.0,0.0,0.0,0.0,0.0,0.10364264762439443,0.0,0.5141090852076066,0.0,0.0,0.382248267167999,0.0
327,0.0,0.0,0.0,0.0,0.0,0.0,0.0729507650626551,0.0,0.4696779613458375,0.0,0.0,0.45737127359150725,0.0
328,0.0,0.0,0.0,0.0,0.0,0.0,0.04018855026487285,0.0,0.4316320198362705,0.0,0.0,0.5281794298988567,0.0
329,0.0,0.0,0.0,0.0,0.0,0.0,0.0,0.0,0.3773985195092127,0.0,0.0,0.6226014804907872,0.0
330,0.0,0.0,0.0,0.0,0.0,0.0,0.0,0.0,0.3321769412622418,0.0,0.0,0.6678230587377583,0.0
331,0.0,0.0,0.0,0.0,0.0,0.0,0.0,0.0,0.2838560011555699,0.0,0.0,0.7161439988444301,0.0
332,0.0,0.0,0.0,0.0,0.0,0.0,0.0,0.0,0.2206041232756423,0.0,0.0,0.7793958767243576,0.0
333,0.0,0.0,0.0,0.0,0.0,0.0,0.0,0.0,0.15435207983128066,0.0,0.0,0.8456479201687194,0.0
334,0.0,0.0,0.0,0.0,0.0,0.0,0.0,0.0,0.06625773731953451,0.0,0.0,0.9337422626804655,0.0
335,0.0,0.0,0.0,0.0,0.0,0.0,0.0,0.0,0.0,0.0,0.0,1.0,0.0
336,0.0,0.0,0.0,0.0,0.0,0.0,0.0,0.0,0.0,0.0,0.0,1.0,0.0
337,0.0,0.0,0.0,0.0,0.0,0.0,0.0,0.0,0.0,0.0,0.0,1.0,0.0
338,0.0,0.0,0.0,0.0,0.0,0.0,0.0,0.0,0.0,0.0,0.0,1.0,0.0
339,0.0,0.0,0.0,0.0,0.0,0.0,0.0,0.0,0.0,0.0,0.0,1.0,0.0
340,0.0,0.0,0.0,0.0,0.0,0.0,0.0,0.0,0.0,0.0,0.0,1.0,0.0
341,0.0,0.0,0.0,0.0,0.0,0.0,0.0,0.0,0.0,0.0,0.0,1.0,0.0
342,0.0,0.0,0.0,0.0,0.0,0.0,0.0,0.0,0.0,0.0,0.0,1.0,0.0
343,0.0,0.0,0.0,0.0,0.0,0.0,0.0,0.0,0.0,0.0,0.0,1.0,0.0
344,0.0,0.0,0.0,0.0,0.0,0.0,0.0,0.0,0.0,0.0,0.0,1.0,0.0
