0,1827.0,1823.0,1721.0,1721.0,1909.0,1721.0,1801.0,1721.0,1814.0,1721.0,1721.0,1771.0,1721.0
1,1827.0,1823.0,1721.0,1721.0,1909.0,1721.0,1801.0,1721.0,1814.0,1721.0,1721.0,1771.0,1721.0
2,1767.0,1820.0,1721.0,1721.0,1909.0,1721.0,1794.0,1721.0,1814.0,1721.0,1721.0,1767.0,1721.0
3,1822.0,1826.0,1721.0,1721.0,1875.0,1721.0,1800.0,1721.0,1813.0,1721.0,1721.0,1776.0,1721.0
4,1822.0,1821.0,1721.0,1721.0,1875.0,1721.0,1803.0,1721.0,1813.0,1721.0,1721.0,1773.0,1721.0
5,1822.0,1772.0,1721.0,1721.0,1806.0,1721.0,1819.0,1721.0,1808.0,1721.0,1721.0,1773.0,1721.0
6,1822.0,1781.0,1721.0,1721.0,1806.0,1721.0,1823.0,1721.0,1808.0,1721.0,1721.0,1773.0,1721.0
7,1822.0,1765.0,1721.0,1721.0,1862.0,1721.0,1845.0,1721.0,1796.0,1721.0,1721.0,1773.0,1721.0
8,1824.0,1767.0,1721.0,1721.0,1866.0,1721.0,1821.0,1721.0,1818.0,1721.0,1721.0,1773.0,1721.0
9,1824.0,1777.0,1721.0,1721.0,1837.0,1721.0,1853.0,1721.0,1799.0,1721.0,1721.0,1773.0,1721.0
10,1824.0,1775.0,1721.0,1721.0,1837.0,1721.0,1849.0,1721.0,1799.0,1721.0,1721.0,1773.0,1721.0
11,1824.0,1777.0,1721.0,1721.0,1837.0,1721.0,1846.0,1721.0,1799.0,1721.0,1721.0,1773.0,1721.0
12,1824.0,1787.0,1721.0,1721.0,1817.0,1721.0,1859.0,1721.0,1795.0,1721.0,1721.0,1773.0,1721.0
13,1822.0,1785.0,1721.0,1721.0,1867.0,1721.0,1857.0,1721.0,1804.0,1721.0,1721.0,1773.0,1721.0
14,1822.0,1800.0,1721.0,1721.0,1867.0,1721.0,1868.0,1721.0,1804.0,1721.0,1721.0,1773.0,1721.0
15,1827.0,1820.0,1721.0,1721.0,1818.0,1721.0,1873.0,1721.0,1801.0,1721.0,1721.0,1773.0,1721.0
16,1824.0,1821.0,1721.0,1721.0,1795.0,1721.0,1879.0,1721.0,1803.0,1721.0,1721.0,1773.0,1721.0
17,1753.0,1822.0,1721.0,1721.0,1875.0,1721.0,1883.0,1721.0,1796.0,1721.0,1721.0,1773.0,1721.0
18,1753.0,1823.0,1721.0,1721.0,1859.0,1721.0,1886.0,1721.0,1796.0,1721.0,1721.0,1820.0,1721.0
19,1822.0,1828.0,1721.0,1721.0,1791.0,1721.0,1889.0,1721.0,1806.0,1721.0,1721.0,1820.0,1721.0
20,1825.0,1820.0,1721.0,1721.0,1827.0,1721.0,1894.0,1721.0,1799.0,1721.0,1721.0,1767.0,1721.0
21,1822.0,1822.0,1721.0,1721.0,1862.0,1721.0,1889.0,1721.0,1799.0,1721.0,1721.0,1775.0,1721.0
22,1751.0,1828.0,1721.0,1721.0,1870.0,1721.0,1887.0,1721.0,1799.0,1721.0,1721.0,1776.0,1721.0
23,1822.0,1820.0,1721.0,1721.0,1867.0,1721.0,1882.0,1721.0,1818.0,1721.0,1721.0,1773.0,1721.0
24,1824.0,1822.0,1721.0,1721.0,1870.0,1721.0,1883.0,1721.0,1820.0,1721.0,1721.0,1764.0,1721.0
25,1823.0,1822.0,1721.0,1721.0,1870.0,1721.0,1874.0,1721.0,1820.0,1721.0,1721.0,1764.0,1721.0
26,1830.0,1823.0,1721.0,1721.0,1870.0,1721.0,1872.0,1721.0,1820.0,1721.0,1721.0,1772.0,1721.0
27,1759.0,1820.0,1721.0,1721.0,1870.0,1721.0,1867.0,1721.0,1820.0,1721.0,1721.0,1765.0,1721.0
28,1742.0,1825.0,1721.0,1721.0,1870.0,1721.0,1846.0,1721.0,1820.0,1721.0,1721.0,1773.0,1721.0
29,1821.0,1824.0,1721.0,1721.0,1870.0,1721.0,1843.0,1721.0,1798.0,1721.0,1721.0,1764.0,1721.0
30,1762.0,1826.0,1721.0,1721.0,1870.0,1721.0,1858.0,1721.0,1822.0,1721.0,1721.0,1767.0,1721.0
31,1771.0,1826.0,1721.0,1721.0,1870.0,1721.0,1845.0,1721.0,1799.0,1721.0,1721.0,1768.0,1721.0
32,1794.0,1824.0,1721.0,1721.0,1870.0,1721.0,1842.0,1721.0,1799.0,1721.0,1721.0,1770.0,1721.0
33,1754.0,1819.0,1721.0,1721.0,1867.0,1721.0,1831.0,1721.0,1797.0,1721.0,1721.0,1779.0,1721.0
34,1783.0,1819.0,1721.0,1721.0,1870.0,1721.0,1834.0,1721.0,1823.0,1721.0,1721.0,1768.0,1721.0
35,1758.0,1824.0,1721.0,1721.0,1871.0,1721.0,1832.0,1721.0,1797.0,1721.0,1721.0,1776.0,1721.0
36,1785.0,1824.0,1721.0,1721.0,1864.0,1721.0,1827.0,1721.0,1822.0,1721.0,1721.0,1774.0,1721.0
37,1788.0,1824.0,1721.0,1721.0,1869.0,1721.0,1830.0,1721.0,1798.0,1721.0,1721.0,1822.0,1721.0
38,1815.0,1824.0,1721.0,1721.0,1870.0,1721.0,1823.0,1721.0,1819.0,1721.0,1721.0,1824.0,1721.0
39,1819.0,1826.0,1721.0,1721.0,1873.0,1721.0,1826.0,1721.0,1819.0,1721.0,1721.0,1771.0,1721.0
40,1822.0,1826.0,1721.0,1721.0,1865.0,1721.0,1826.0,1721.0,1817.0,1721.0,1721.0,1817.0,1721.0
41,1822.0,1824.0,1721.0,1721.0,1869.0,1721.0,1822.0,1721.0,1803.0,1721.0,1721.0,1822.0,1721.0
42,1816.0,1822.0,1721.0,1721.0,1825.0,1721.0,1820.0,1721.0,1798.0,1721.0,1721.0,1778.0,1721.0
43,1823.0,1822.0,1721.0,1721.0,1834.0,1721.0,1820.0,1721.0,1800.0,1721.0,1721.0,1819.0,1721.0
44,1824.0,1824.0,1721.0,1721.0,1819.0,1721.0,1822.0,1721.0,1803.0,1721.0,1721.0,1818.0,1721.0
45,1820.0,1827.0,1721.0,1721.0,1827.0,1721.0,1825.0,1721.0,1815.0,1721.0,1721.0,1765.0,1721.0
46,1823.0,1826.0,1721.0,1721.0,1844.0,1721.0,1820.0,1721.0,1796.0,1721.0,1721.0,1770.0,1721.0
47,1822.0,1823.0,1721.0,1721.0,1803.0,1721.0,1827.0,1721.0,1791.0,1721.0,1721.0,1824.0,1721.0
48,1825.0,1823.0,1721.0,1721.0,1835.0,1721.0,1835.0,1721.0,1807.0,1721.0,1721.0,1802.0,1721.0
49,1825.0,1826.0,1721.0,1721.0,1847.0,1721.0,1838.0,1721.0,1807.0,1721.0,1721.0,1818.0,1721.0
50,1821.0,1822.0,1721.0,1721.0,1816.0,1721.0,1843.0,1721.0,1824.0,1721.0,1721.0,1804.0,1721.0
51,1828.0,1824.0,1721.0,1721.0,1859.0,1721.0,1846.0,1721.0,1789.0,1721.0,1721.0,1768.0,1721.0
52,1823.0,1824.0,1721.0,1721.0,1826.0,1721.0,1852.0,1721.0,1789.0,1721.0,1721.0,1797.0,1721.0
53,1824.0,1827.0,1721.0,1721.0,1824.0,1721.0,1853.0,1721.0,1791.0,1721.0,1721.0,1777.0,1721.0
54,1824.0,1821.0,1721.0,1721.0,1832.0,1721.0,1857.0,1721.0,1811.0,1721.0,1721.0,1777.0,1721.0
55,1824.0,1824.0,1721.0,1721.0,1860.0,1721.0,1864.0,1721.0,1801.0,1721.0,1721.0,1778.0,1721.0
56,1824.0,1820.0,1721.0,1721.0,1875.0,1721.0,1870.0,1721.0,1824.0,1721.0,1721.0,1775.0,1721.0
57,1824.0,1827.0,1721.0,1721.0,1871.0,1721.0,1873.0,1721.0,1798.0,1721.0,1721.0,1775.0,1721.0
58,1824.0,1824.0,1721.0,1721.0,1871.0,1721.0,1874.0,1721.0,1806.0,1721.0,1721.0,1781.0,1721.0
59,1824.0,1824.0,1721.0,1721.0,1865.0,1721.0,1878.0,1721.0,1804.0,1721.0,1721.0,1779.0,1721.0
60,1824.0,1827.0,1721.0,1721.0,1876.0,1721.0,1885.0,1721.0,1806.0,1721.0,1721.0,1793.0,1721.0
61,1824.0,1828.0,1721.0,1721.0,1872.0,1721.0,1889.0,1721.0,1807.0,1721.0,1721.0,1799.0,1721.0
62,1823.0,1758.0,1721.0,1721.0,1872.0,1721.0,1886.0,1721.0,1800.0,1721.0,1721.0,1821.0,1721.0
63,1830.0,1753.0,1721.0,1721.0,1814.0,1721.0,1890.0,1721.0,1806.0,1721.0,1721.0,1822.0,1721.0
64,1824.0,1762.0,1721.0,1721.0,1870.0,1721.0,1845.0,1721.0,1806.0,1721.0,1721.0,1825.0,1721.0
65,1825.0,1772.0,1721.0,1721.0,1873.0,1721.0,1844.0,1721.0,1803.0,1721.0,1721.0,1772.0,1721.0
66,1826.0,1764.0,1721.0,1721.0,1870.0,1721.0,1871.0,1721.0,1816.0,1721.0,1721.0,1774.0,1721.0
67,1821.0,1764.0,1721.0,1721.0,1865.0,1721.0,1838.0,1721.0,1822.0,1721.0,1721.0,1774.0,1721.0
68,1824.0,1770.0,1721.0,1721.0,1850.0,1721.0,1833.0,1721.0,1795.0,1721.0,1721.0,1825.0,1721.0
69,1822.0,1770.0,1721.0,1721.0,1868.0,1721.0,1834.0,1721.0,1793.0,1721.0,1721.0,1825.0,1721.0
70,1822.0,1769.0,1721.0,1721.0,1867.0,1721.0,1810.0,1721.0,1789.0,1721.0,1721.0,1772.0,1721.0
71,1825.0,1758.0,1721.0,1721.0,1873.0,1721.0,1822.0,1721.0,1797.0,1721.0,1721.0,1822.0,1721.0
72,1823.0,1766.0,1721.0,1721.0,1836.0,1721.0,1818.0,1721.0,1793.0,1721.0,1721.0,1824.0,1721.0
73,1824.0,1766.0,1721.0,1721.0,1866.0,1721.0,1818.0,1721.0,1800.0,1721.0,1721.0,1824.0,1721.0
74,1823.0,1766.0,1721.0,1721.0,1838.0,1721.0,1794.0,1721.0,1792.0,1721.0,1721.0,1822.0,1721.0
75,1746.0,1766.0,1721.0,1721.0,1865.0,1721.0,1801.0,1721.0,1786.0,1721.0,1721.0,1776.0,1721.0
76,1824.0,1766.0,1721.0,1721.0,1880.0,1721.0,1793.0,1721.0,1820.0,1721.0,1721.0,1819.0,1721.0
77,1762.0,1763.0,1721.0,1721.0,1881.0,1721.0,1792.0,1721.0,1817.0,1721.0,1721.0,1823.0,1721.0
78,1772.0,1762.0,1721.0,1721.0,1875.0,1721.0,1787.0,1721.0,1819.0,1721.0,1721.0,1822.0,1721.0
79,1767.0,1768.0,1721.0,1721.0,1859.0,1721.0,1779.0,1721.0,1791.0,1721.0,1721.0,1822.0,1721.0
80,1769.0,1768.0,1721.0,1721.0,1873.0,1721.0,1782.0,1721.0,1795.0,1721.0,1721.0,1824.0,1721.0
81,1822.0,1768.0,1721.0,1721.0,1872.0,1721.0,1764.0,1721.0,1795.0,1721.0,1721.0,1821.0,1721.0
82,1787.0,1752.0,1721.0,1721.0,1797.0,1721.0,1767.0,1721.0,1821.0,1721.0,1721.0,1819.0,1721.0
83,1820.0,1772.0,1721.0,1721.0,1794.0,1721.0,1755.0,1721.0,1792.0,1721.0,1721.0,1824.0,1721.0
84,1816.0,1761.0,1721.0,1721.0,1871.0,1721.0,1791.0,1721.0,1823.0,1721.0,1721.0,1817.0,1721.0
85,1821.0,1767.0,1721.0,1721.0,1870.0,1721.0,1795.0,1721.0,1821.0,1721.0,1721.0,1824.0,1721.0
86,1806.0,1766.0,1721.0,1721.0,1793.0,1721.0,1792.0,1721.0,1821.0,1721.0,1721.0,1771.0,1721.0
87,1795.0,1775.0,1721.0,1721.0,1782.0,1721.0,1791.0,1721.0,1823.0,1721.0,1721.0,1768.0,1721.0
88,1795.0,1781.0,1721.0,1721.0,1870.0,1721.0,1802.0,1721.0,1823.0,1721.0,1721.0,1826.0,1721.0
89,1795.0,1794.0,1721.0,1721.0,1800.0,1721.0,1812.0,1721.0,1823.0,1721.0,1721.0,1775.0,1721.0
90,1795.0,1792.0,1721.0,1721.0,1826.0,1721.0,1823.0,1721.0,1823.0,1721.0,1721.0,1779.0,1721.0
91,1810.0,1808.0,1721.0,1721.0,1835.0,1721.0,1835.0,1721.0,1821.0,1721.0,1721.0,1778.0,1721.0
92,1796.0,1822.0,1721.0,1721.0,1838.0,1721.0,1857.0,1721.0,1821.0,1721.0,1721.0,1779.0,1721.0
93,1792.0,1820.0,1721.0,1721.0,1834.0,1721.0,1863.0,1721.0,1816.0,1721.0,1721.0,1774.0,1721.0
94,1821.0,1824.0,1721.0,1721.0,1836.0,1721.0,1870.0,1721.0,1820.0,1721.0,1721.0,1775.0,1721.0
95,1817.0,1821.0,1721.0,1721.0,1833.0,1721.0,1875.0,1721.0,1822.0,1721.0,1721.0,1782.0,1721.0
96,1801.0,1821.0,1721.0,1721.0,1842.0,1721.0,1874.0,1721.0,1788.0,1721.0,1721.0,1783.0,1721.0
97,1801.0,1821.0,1721.0,1721.0,1864.0,1721.0,1881.0,1721.0,1815.0,1721.0,1721.0,1776.0,1721.0
98,1801.0,1821.0,1721.0,1721.0,1870.0,1721.0,1884.0,1721.0,1794.0,1721.0,1721.0,1798.0,1721.0
99,1806.0,1822.0,1721.0,1721.0,1871.0,1721.0,1887.0,1721.0,1794.0,1721.0,1721.0,1781.0,1721.0
100,1783.0,1819.0,1721.0,1721.0,1853.0,1721.0,1893.0,1721.0,1795.0,1721.0,1721.0,1820.0,1721.0
101,1823.0,1820.0,1721.0,1721.0,1845.0,1721.0,1888.0,1721.0,1794.0,1721.0,1721.0,1821.0,1721.0
102,1805.0,1820.0,1721.0,1721.0,1868.0,1721.0,1891.0,1721.0,1818.0,1721.0,1721.0,1821.0,1721.0
103,1824.0,1820.0,1721.0,1721.0,1873.0,1721.0,1880.0,1721.0,1820.0,1721.0,1721.0,1821.0,1721.0
104,1825.0,1820.0,1721.0,1721.0,1862.0,1721.0,1877.0,1721.0,1819.0,1721.0,1721.0,1822.0,1721.0
105,1820.0,1824.0,1721.0,1721.0,1868.0,1721.0,1870.0,1721.0,1787.0,1721.0,1721.0,1819.0,1721.0
106,1825.0,1820.0,1721.0,1721.0,1868.0,1721.0,1866.0,1721.0,1779.0,1721.0,1721.0,1821.0,1721.0
107,1824.0,1821.0,1721.0,1721.0,1831.0,1721.0,1860.0,1721.0,1778.0,1721.0,1721.0,1821.0,1721.0
108,1820.0,1821.0,1721.0,1721.0,1862.0,1721.0,1856.0,1721.0,1786.0,1721.0,1721.0,1822.0,1721.0
109,1821.0,1817.0,1721.0,1721.0,1859.0,1721.0,1854.0,1721.0,1783.0,1721.0,1721.0,1817.0,1721.0
110,1824.0,1820.0,1721.0,1721.0,1875.0,1721.0,1848.0,1721.0,1799.0,1721.0,1721.0,1822.0,1721.0
111,1816.0,1821.0,1721.0,1721.0,1855.0,1721.0,1848.0,1721.0,1799.0,1721.0,1721.0,1822.0,1721.0
112,1818.0,1821.0,1721.0,1721.0,1871.0,1721.0,1842.0,1721.0,1793.0,1721.0,1721.0,1822.0,1721.0
113,1824.0,1821.0,1721.0,1721.0,1880.0,1721.0,1837.0,1721.0,1821.0,1721.0,1721.0,1814.0,1721.0
114,1821.0,1823.0,1721.0,1721.0,1865.0,1721.0,1834.0,1721.0,1820.0,1721.0,1721.0,1822.0,1721.0
115,1819.0,1823.0,1721.0,1721.0,1870.0,1721.0,1827.0,1721.0,1820.0,1721.0,1721.0,1787.0,1721.0
116,1822.0,1822.0,1721.0,1721.0,1872.0,1721.0,1824.0,1721.0,1819.0,1721.0,1721.0,1784.0,1721.0
117,1823.0,1822.0,1721.0,1721.0,1863.0,1721.0,1823.0,1721.0,1812.0,1721.0,1721.0,1809.0,1721.0
118,1820.0,1822.0,1721.0,1721.0,1873.0,1721.0,1823.0,1721.0,1821.0,1721.0,1721.0,1798.0,1721.0
119,1748.0,1822.0,1721.0,1721.0,1832.0,1721.0,1822.0,1721.0,1815.0,1721.0,1721.0,1820.0,1721.0
120,1757.0,1822.0,1721.0,1721.0,1879.0,1721.0,1828.0,1721.0,1822.0,1721.0,1721.0,1808.0,1721.0
121,1752.0,1826.0,1721.0,1721.0,1874.0,1721.0,1775.0,1721.0,1818.0,1721.0,1721.0,1811.0,1721.0
122,1752.0,1817.0,1721.0,1721.0,1874.0,1721.0,1783.0,1721.0,1818.0,1721.0,1721.0,1820.0,1721.0
123,1741.0,1823.0,1721.0,1721.0,1868.0,1721.0,1793.0,1721.0,1819.0,1721.0,1721.0,1821.0,1721.0
124,1757.0,1819.0,1721.0,1721.0,1872.0,1721.0,1797.0,1721.0,1819.0,1721.0,1721.0,1818.0,1721.0
125,1762.0,1821.0,1721.0,1721.0,1865.0,1721.0,1808.0,1721.0,1820.0,1721.0,1721.0,1820.0,1721.0
126,1762.0,1820.0,1721.0,1721.0,1876.0,1721.0,1821.0,1721.0,1820.0,1721.0,1721.0,1773.0,1721.0
127,1762.0,1826.0,1721.0,1721.0,1859.0,1721.0,1825.0,1721.0,1820.0,1721.0,1721.0,1782.0,1721.0
128,1762.0,1755.0,1721.0,1721.0,1867.0,1721.0,1832.0,1721.0,1820.0,1721.0,1721.0,1768.0,1721.0
129,1762.0,1757.0,1721.0,1721.0,1868.0,1721.0,1839.0,1721.0,1818.0,1721.0,1721.0,1782.0,1721.0
130,1762.0,1747.0,1721.0,1721.0,1872.0,1721.0,1849.0,1721.0,1819.0,1721.0,1721.0,1779.0,1721.0
131,1762.0,1756.0,1721.0,1721.0,1913.0,1721.0,1871.0,1721.0,1817.0,1721.0,1721.0,1777.0,1721.0
132,1762.0,1744.0,1721.0,1721.0,1817.0,1721.0,1876.0,1721.0,1816.0,1721.0,1721.0,1781.0,1721.0
133,1762.0,1756.0,1721.0,1721.0,1820.0,1721.0,1879.0,1721.0,1781.0,1721.0,1721.0,1785.0,1721.0
134,1762.0,1761.0,1721.0,1721.0,1837.0,1721.0,1886.0,1721.0,1815.0,1721.0,1721.0,1780.0,1721.0
135,1743.0,1766.0,1721.0,1721.0,1832.0,1721.0,1887.0,1721.0,1773.0,1721.0,1721.0,1786.0,1721.0
136,1745.0,1773.0,1721.0,1721.0,1830.0,1721.0,1889.0,1721.0,1816.0,1721.0,1721.0,1793.0,1721.0
137,1749.0,1773.0,1721.0,1721.0,1821.0,1721.0,1887.0,1721.0,1789.0,1721.0,1721.0,1793.0,1721.0
138,1770.0,1780.0,1721.0,1721.0,1836.0,1721.0,1880.0,1721.0,1778.0,1721.0,1721.0,1814.0,1721.0
139,1770.0,1767.0,1721.0,1721.0,1822.0,1721.0,1879.0,1721.0,1789.0,1721.0,1721.0,1814.0,1721.0
140,1772.0,1775.0,1721.0,1721.0,1817.0,1721.0,1870.0,1721.0,1779.0,1721.0,1721.0,1801.0,1721.0
141,1792.0,1758.0,1721.0,1721.0,1841.0,1721.0,1867.0,1721.0,1816.0,1721.0,1721.0,1813.0,1721.0
142,1800.0,1767.0,1721.0,1721.0,1832.0,1721.0,1861.0,1721.0,1816.0,1721.0,1721.0,1818.0,1721.0
143,1807.0,1775.0,1721.0,1721.0,1830.0,1721.0,1860.0,1721.0,1799.0,1721.0,1721.0,1817.0,1721.0
144,1819.0,1780.0,1721.0,1721.0,1829.0,1721.0,1852.0,1721.0,1799.0,1721.0,1721.0,1783.0,1721.0
145,1821.0,1766.0,1721.0,1721.0,1835.0,1721.0,1853.0,1721.0,1793.0,1721.0,1721.0,1818.0,1721.0
146,1821.0,1775.0,1721.0,1721.0,1862.0,1721.0,1844.0,1721.0,1778.0,1721.0,1721.0,1808.0,1721.0
147,1822.0,1772.0,1721.0,1721.0,1851.0,1721.0,1841.0,1721.0,1787.0,1721.0,1721.0,1820.0,1721.0
148,1820.0,1767.0,1721.0,1721.0,1842.0,1721.0,1834.0,1721.0,1787.0,1721.0,1721.0,1791.0,1721.0
149,1817.0,1770.0,1721.0,1721.0,1843.0,1721.0,1835.0,1721.0,1801.0,1721.0,1721.0,1789.0,1721.0
150,1821.0,1777.0,1721.0,1721.0,1842.0,1721.0,1825.0,1721.0,1816.0,1721.0,1721.0,1786.0,1721.0
151,1826.0,1758.0,1721.0,1721.0,1841.0,1721.0,1829.0,1721.0,1820.0,1721.0,1721.0,1784.0,1721.0
152,1818.0,1758.0,1721.0,1721.0,1854.0,1721.0,1821.0,1721.0,1819.0,1721.0,1721.0,1793.0,1721.0
153,1819.0,1771.0,1721.0,1721.0,1842.0,1721.0,1824.0,1721.0,1805.0,1721.0,1721.0,1786.0,1721.0
154,1824.0,1780.0,1721.0,1721.0,1848.0,1721.0,1823.0,1721.0,1822.0,1721.0,1721.0,1794.0,1721.0
155,1819.0,1771.0,1721.0,1721.0,1847.0,1721.0,1826.0,1721.0,1819.0,1721.0,1721.0,1793.0,1721.0
156,1821.0,1774.0,1721.0,1721.0,1864.0,1721.0,1830.0,1721.0,1817.0,1721.0,1721.0,1797.0,1721.0
157,1820.0,1785.0,1721.0,1721.0,1869.0,1721.0,1838.0,1721.0,1817.0,1721.0,1721.0,1803.0,1721.0
158,1816.0,1792.0,1721.0,1721.0,1867.0,1721.0,1836.0,1721.0,1813.0,1721.0,1721.0,1823.0,1721.0
159,1822.0,1802.0,1721.0,1721.0,1873.0,1721.0,1843.0,1721.0,1823.0,1721.0,1721.0,1820.0,1721.0
160,1822.0,1812.0,1721.0,1721.0,1875.0,1721.0,1846.0,1721.0,1817.0,1721.0,1721.0,1819.0,1721.0
161,1821.0,1812.0,1721.0,1721.0,1868.0,1721.0,1856.0,1721.0,1819.0,1721.0,1721.0,1823.0,1721.0
162,1821.0,1822.0,1721.0,1721.0,1871.0,1721.0,1860.0,1721.0,1819.0,1721.0,1721.0,1820.0,1721.0
163,1821.0,1819.0,1721.0,1721.0,1865.0,1721.0,1860.0,1721.0,1819.0,1721.0,1721.0,1818.0,1721.0
164,1821.0,1819.0,1721.0,1721.0,1872.0,1721.0,1869.0,1721.0,1819.0,1721.0,1721.0,1818.0,1721.0
165,1822.0,1820.0,1721.0,1721.0,1906.0,1721.0,1868.0,1721.0,1818.0,1721.0,1721.0,1785.0,1721.0
166,1822.0,1822.0,1721.0,1721.0,1869.0,1721.0,1876.0,1721.0,1817.0,1721.0,1721.0,1779.0,1721.0
167,1822.0,1822.0,1721.0,1721.0,1866.0,1721.0,1877.0,1721.0,1820.0,1721.0,1721.0,1781.0,1721.0
168,1823.0,1816.0,1721.0,1721.0,1879.0,1721.0,1887.0,1721.0,1794.0,1721.0,1721.0,1780.0,1721.0
169,1823.0,1822.0,1721.0,1721.0,1920.0,1721.0,1884.0,1721.0,1819.0,1721.0,1721.0,1780.0,1721.0
170,1825.0,1822.0,1721.0,1721.0,1915.0,1721.0,1888.0,1721.0,1824.0,1721.0,1721.0,1782.0,1721.0
171,1822.0,1818.0,1721.0,1721.0,1916.0,1721.0,1884.0,1721.0,1817.0,1721.0,1721.0,1803.0,1721.0
172,1820.0,1818.0,1721.0,1721.0,1883.0,1721.0,1879.0,1721.0,1820.0,1721.0,1721.0,1803.0,1721.0
173,1817.0,1817.0,1721.0,1721.0,1881.0,1721.0,1877.0,1721.0,1792.0,1721.0,1721.0,1809.0,1721.0
174,1819.0,1819.0,1721.0,1721.0,1875.0,1721.0,1879.0,1721.0,1791.0,1721.0,1721.0,1783.0,1721.0
175,1818.0,1818.0,1721.0,1721.0,1878.0,1721.0,1870.0,1721.0,1791.0,1721.0,1721.0,1793.0,1721.0
176,1821.0,1822.0,1721.0,1721.0,1879.0,1721.0,1866.0,1721.0,1798.0,1721.0,1721.0,1813.0,1721.0
177,1820.0,1822.0,1721.0,1721.0,1878.0,1721.0,1862.0,1721.0,1797.0,1721.0,1721.0,1813.0,1721.0
178,1821.0,1820.0,1721.0,1721.0,1876.0,1721.0,1863.0,1721.0,1796.0,1721.0,1721.0,1808.0,1721.0
179,1819.0,1820.0,1721.0,1721.0,1877.0,1721.0,1854.0,1721.0,1806.0,1721.0,1721.0,1807.0,1721.0
180,1819.0,1821.0,1721.0,1721.0,1878.0,1721.0,1854.0,1721.0,1788.0,1721.0,1721.0,1809.0,1721.0
181,1820.0,1820.0,1721.0,1721.0,1899.0,1721.0,1844.0,1721.0,1785.0,1721.0,1721.0,1797.0,1721.0
182,1822.0,1821.0,1721.0,1721.0,1904.0,1721.0,1842.0,1721.0,1805.0,1721.0,1721.0,1790.0,1721.0
183,1819.0,1818.0,1721.0,1721.0,1915.0,1721.0,1833.0,1721.0,1802.0,1721.0,1721.0,1794.0,1721.0
184,1823.0,1818.0,1721.0,1721.0,1881.0,1721.0,1833.0,1721.0,1818.0,1721.0,1721.0,1791.0,1721.0
185,1819.0,1821.0,1721.0,1721.0,1881.0,1721.0,1827.0,1721.0,1818.0,1721.0,1721.0,1786.0,1721.0
186,1724.0,1821.0,1721.0,1721.0,1879.0,1721.0,1827.0,1721.0,1820.0,1721.0,1721.0,1788.0,1721.0
187,1722.0,1819.0,1721.0,1721.0,1884.0,1721.0,1819.0,1721.0,1817.0,1721.0,1721.0,1787.0,1721.0
188,1724.0,1818.0,1721.0,1721.0,1886.0,1721.0,1819.0,1721.0,1823.0,1721.0,1721.0,1789.0,1721.0
189,1730.0,1818.0,1721.0,1721.0,1902.0,1721.0,1819.0,1721.0,1820.0,1721.0,1721.0,1786.0,1721.0
190,1730.0,1821.0,1721.0,1721.0,1888.0,1721.0,1823.0,1721.0,1820.0,1721.0,1721.0,1782.0,1721.0
191,1723.0,1821.0,1721.0,1721.0,1881.0,1721.0,1827.0,1721.0,1797.0,1721.0,1721.0,1785.0,1721.0
192,1723.0,1819.0,1721.0,1721.0,1878.0,1721.0,1739.0,1721.0,1820.0,1721.0,1721.0,1785.0,1721.0
193,1723.0,1724.0,1721.0,1721.0,1877.0,1721.0,1743.0,1721.0,1819.0,1721.0,1721.0,1785.0,1721.0
194,1727.0,1726.0,1721.0,1721.0,1886.0,1721.0,1743.0,1721.0,1818.0,1721.0,1721.0,1789.0,1721.0
195,1726.0,1726.0,1721.0,1721.0,1892.0,1721.0,1752.0,1721.0,1819.0,1721.0,1721.0,1795.0,1721.0
196,1721.0,1725.0,1721.0,1721.0,1888.0,1721.0,1754.0,1721.0,1820.0,1721.0,1721.0,1802.0,1721.0
197,1721.0,1727.0,1721.0,1721.0,1888.0,1721.0,1761.0,1721.0,1820.0,1721.0,1721.0,1801.0,1721.0
198,1721.0,1724.0,1721.0,1721.0,1916.0,1721.0,1763.0,1721.0,1820.0,1721.0,1721.0,1819.0,1721.0
199,1721.0,1729.0,1721.0,1721.0,1916.0,1721.0,1768.0,1721.0,1818.0,1721.0,1721.0,1819.0,1721.0
200,1721.0,1726.0,1721.0,1721.0,1914.0,1721.0,1774.0,1721.0,1816.0,1721.0,1721.0,1821.0,1721.0
201,1721.0,1727.0,1721.0,1721.0,1915.0,1721.0,1779.0,1721.0,1818.0,1721.0,1721.0,1823.0,1721.0
202,1721.0,1725.0,1721.0,1721.0,1915.0,1721.0,1782.0,1721.0,1820.0,1721.0,1721.0,1795.0,1721.0
203,1721.0,1729.0,1721.0,1721.0,1920.0,1721.0,1785.0,1721.0,1823.0,1721.0,1721.0,1792.0,1721.0
204,1725.0,1725.0,1721.0,1721.0,1918.0,1721.0,1787.0,1721.0,1821.0,1721.0,1721.0,1788.0,1721.0
205,1725.0,1727.0,1721.0,1721.0,1917.0,1721.0,1793.0,1721.0,1820.0,1721.0,1721.0,1794.0,1721.0
206,1725.0,1726.0,1721.0,1721.0,1916.0,1721.0,1794.0,1721.0,1822.0,1721.0,1721.0,1789.0,1721.0
207,1726.0,1726.0,1721.0,1721.0,1917.0,1721.0,1794.0,1721.0,1819.0,1721.0,1721.0,1803.0,1721.0
208,1724.0,1724.0,1721.0,1721.0,1916.0,1721.0,1789.0,1721.0,1818.0,1721.0,1721.0,1804.0,1721.0
209,1723.0,1724.0,1721.0,1721.0,1915.0,1721.0,1786.0,1721.0,1819.0,1721.0,1721.0,1804.0,1721.0
210,1724.0,1726.0,1721.0,1721.0,1914.0,1721.0,1779.0,1721.0,1819.0,1721.0,1721.0,1801.0,1721.0
211,1721.0,1726.0,1721.0,1721.0,1789.0,1721.0,1779.0,1721.0,1796.0,1721.0,1721.0,1801.0,1721.0
212,1722.0,1726.0,1721.0,1721.0,1789.0,1721.0,1771.0,1721.0,1796.0,1721.0,1721.0,1803.0,1721.0
213,1724.0,1723.0,1721.0,1721.0,1794.0,1721.0,1769.0,1721.0,1799.0,1721.0,1721.0,1802.0,1721.0
214,1721.0,1723.0,1721.0,1721.0,1791.0,1721.0,1766.0,1721.0,1796.0,1721.0,1721.0,1808.0,1721.0
215,1722.0,1724.0,1721.0,1721.0,1790.0,1721.0,1757.0,1721.0,1797.0,1721.0,1721.0,1807.0,1721.0
216,1724.0,1727.0,1721.0,1721.0,1790.0,1721.0,1755.0,1721.0,1801.0,1721.0,1721.0,1807.0,1721.0
217,1722.0,1727.0,1721.0,1721.0,1915.0,1721.0,1750.0,1721.0,1793.0,1721.0,1721.0,1803.0,1721.0
218,1723.0,1723.0,1721.0,1721.0,1905.0,1721.0,1746.0,1721.0,1806.0,1721.0,1721.0,1796.0,1721.0
219,1725.0,1726.0,1721.0,1721.0,1912.0,1721.0,1746.0,1721.0,1793.0,1721.0,1721.0,1794.0,1721.0
220,1720.0,1723.0,1721.0,1721.0,1759.0,1721.0,1738.0,1721.0,1815.0,1721.0,1721.0,1789.0,1721.0
221,1721.0,1724.0,1721.0,1721.0,1768.0,1721.0,1732.0,1721.0,1819.0,1721.0,1721.0,1792.0,1721.0
222,1721.0,1723.0,1721.0,1721.0,1773.0,1721.0,1730.0,1721.0,1820.0,1721.0,1721.0,1795.0,1721.0
223,1721.0,1724.0,1721.0,1721.0,1771.0,1721.0,1724.0,1721.0,1817.0,1721.0,1721.0,1795.0,1721.0
224,1722.0,1728.0,1721.0,1721.0,1772.0,1721.0,1730.0,1721.0,1817.0,1721.0,1721.0,1792.0,1721.0
225,1722.0,1725.0,1721.0,1721.0,1769.0,1721.0,1730.0,1721.0,1819.0,1721.0,1721.0,1794.0,1721.0
226,1721.0,1722.0,1721.0,1721.0,1771.0,1721.0,1734.0,1721.0,1816.0,1721.0,1721.0,1796.0,1721.0
227,1724.0,1725.0,1721.0,1721.0,1764.0,1721.0,1741.0,1721.0,1820.0,1721.0,1721.0,1803.0,1721.0
228,1723.0,1727.0,1721.0,1721.0,1753.0,1721.0,1746.0,1721.0,1822.0,1721.0,1721.0,1806.0,1721.0
229,1725.0,1724.0,1721.0,1721.0,1763.0,1721.0,1748.0,1721.0,1819.0,1721.0,1721.0,1813.0,1721.0
230,1724.0,1722.0,1721.0,1721.0,1743.0,1721.0,1752.0,1721.0,1819.0,1721.0,1721.0,1820.0,1721.0
231,1725.0,1725.0,1721.0,1721.0,1745.0,1721.0,1757.0,1721.0,1821.0,1721.0,1721.0,1820.0,1721.0
232,1725.0,1726.0,1721.0,1721.0,1917.0,1721.0,1762.0,1721.0,1821.0,1721.0,1721.0,1822.0,1721.0
233,1725.0,1725.0,1721.0,1721.0,1913.0,1721.0,1764.0,1721.0,1821.0,1721.0,1721.0,1820.0,1721.0
234,1725.0,1725.0,1721.0,1721.0,1918.0,1721.0,1768.0,1721.0,1821.0,1721.0,1721.0,1821.0,1721.0
235,1724.0,1723.0,1721.0,1721.0,1917.0,1721.0,1771.0,1721.0,1819.0,1721.0,1721.0,1820.0,1721.0
236,1723.0,1727.0,1721.0,1721.0,1821.0,1721.0,1775.0,1721.0,1819.0,1721.0,1721.0,1821.0,1721.0
237,1723.0,1724.0,1721.0,1721.0,1818.0,1721.0,1783.0,1721.0,1820.0,1721.0,1721.0,1764.0,1721.0
238,1723.0,1722.0,1721.0,1721.0,1821.0,1721.0,1785.0,1721.0,1820.0,1721.0,1721.0,1771.0,1721.0
239,1723.0,1724.0,1721.0,1721.0,1819.0,1721.0,1786.0,1721.0,1820.0,1721.0,1721.0,1769.0,1721.0
240,1723.0,1726.0,1721.0,1721.0,1820.0,1721.0,1790.0,1721.0,1820.0,1721.0,1721.0,1771.0,1721.0
241,1721.0,1726.0,1721.0,1721.0,1818.0,1721.0,1787.0,1721.0,1817.0,1721.0,1721.0,1774.0,1721.0
242,1722.0,1724.0,1721.0,1721.0,1818.0,1721.0,1782.0,1721.0,1817.0,1721.0,1721.0,1775.0,1721.0
243,1723.0,1723.0,1721.0,1721.0,1916.0,1721.0,1779.0,1721.0,1819.0,1721.0,1721.0,1770.0,1721.0
244,1720.0,1723.0,1721.0,1721.0,1727.0,1721.0,1776.0,1721.0,1743.0,1721.0,1721.0,1778.0,1721.0
245,1724.0,1723.0,1721.0,1721.0,1739.0,1721.0,1770.0,1721.0,1735.0,1721.0,1721.0,1778.0,1721.0
246,1723.0,1724.0,1721.0,1721.0,1739.0,1721.0,1769.0,1721.0,1740.0,1721.0,1721.0,1774.0,1721.0
247,1724.0,1724.0,1721.0,1721.0,1742.0,1721.0,1766.0,1721.0,1740.0,1721.0,1721.0,1774.0,1721.0
248,1722.0,1724.0,1721.0,1721.0,1747.0,1721.0,1758.0,1721.0,1747.0,1721.0,1721.0,1774.0,1721.0
249,1724.0,1724.0,1721.0,1721.0,1753.0,1721.0,1756.0,1721.0,1747.0,1721.0,1721.0,1774.0,1721.0
250,1721.0,1727.0,1721.0,1721.0,1755.0,1721.0,1749.0,1721.0,1756.0,1721.0,1721.0,1773.0,1721.0
251,1721.0,1727.0,1721.0,1721.0,1765.0,1721.0,1745.0,1721.0,1757.0,1721.0,1721.0,1773.0,1721.0
252,1722.0,1724.0,1721.0,1721.0,1764.0,1721.0,1744.0,1721.0,1764.0,1721.0,1721.0,1775.0,1721.0
253,1724.0,1725.0,1721.0,1721.0,1770.0,1721.0,1736.0,1721.0,1766.0,1721.0,1721.0,1771.0,1721.0
254,1721.0,1725.0,1721.0,1721.0,1777.0,1721.0,1733.0,1721.0,1768.0,1721.0,1721.0,1771.0,1721.0
255,1722.0,1725.0,1721.0,1721.0,1774.0,1721.0,1728.0,1721.0,1775.0,1721.0,1721.0,1772.0,1721.0
256,1720.0,1724.0,1721.0,1721.0,1780.0,1721.0,1724.0,1721.0,1773.0,1721.0,1721.0,1758.0,1721.0
257,1720.0,1723.0,1721.0,1721.0,1783.0,1721.0,1725.0,1721.0,1783.0,1721.0,1721.0,1755.0,1721.0
258,1721.0,1724.0,1721.0,1721.0,1771.0,1721.0,1729.0,1721.0,1780.0,1721.0,1721.0,1751.0,1721.0
259,1722.0,1725.0,1721.0,1721.0,1773.0,1721.0,1736.0,1721.0,1778.0,1721.0,1721.0,1749.0,1721.0
260,1723.0,1724.0,1721.0,1721.0,1770.0,1721.0,1739.0,1721.0,1780.0,1721.0,1721.0,1747.0,1721.0
261,1722.0,1724.0,1721.0,1721.0,1766.0,1721.0,1744.0,1721.0,1774.0,1721.0,1721.0,1739.0,1721.0
262,1722.0,1724.0,1721.0,1721.0,1760.0,1721.0,1748.0,1721.0,1782.0,1721.0,1721.0,1744.0,1721.0
263,1722.0,1724.0,1721.0,1721.0,1760.0,1721.0,1751.0,1721.0,1783.0,1721.0,1721.0,1745.0,1721.0
264,1722.0,1724.0,1721.0,1721.0,1755.0,1721.0,1756.0,1721.0,1783.0,1721.0,1721.0,1747.0,1721.0
265,1722.0,1723.0,1721.0,1721.0,1750.0,1721.0,1758.0,1721.0,1783.0,1721.0,1721.0,1758.0,1721.0
266,1722.0,1723.0,1721.0,1721.0,1747.0,1721.0,1765.0,1721.0,1783.0,1721.0,1721.0,1758.0,1721.0
267,1722.0,1724.0,1721.0,1721.0,1744.0,1721.0,1767.0,1721.0,1783.0,1721.0,1721.0,1765.0,1721.0
268,1722.0,1725.0,1721.0,1721.0,1737.0,1721.0,1773.0,1721.0,1783.0,1721.0,1721.0,1765.0,1721.0
269,1722.0,1722.0,1721.0,1721.0,1733.0,1721.0,1775.0,1721.0,1782.0,1721.0,1721.0,1766.0,1721.0
270,1722.0,1723.0,1721.0,1721.0,1732.0,1721.0,1778.0,1721.0,1775.0,1721.0,1721.0,1772.0,1721.0
271,1722.0,1722.0,1721.0,1721.0,1727.0,1721.0,1784.0,1721.0,1769.0,1721.0,1721.0,1777.0,1721.0
272,1722.0,1721.0,1721.0,1721.0,1722.0,1721.0,1788.0,1721.0,1769.0,1721.0,1721.0,1783.0,1721.0
273,1722.0,1725.0,1721.0,1721.0,1722.0,1721.0,1791.0,1721.0,1763.0,1721.0,1721.0,1787.0,1721.0
274,1724.0,1722.0,1721.0,1721.0,1724.0,1721.0,1791.0,1721.0,1757.0,1721.0,1721.0,1788.0,1721.0
275,1720.0,1722.0,1721.0,1721.0,1724.0,1721.0,1786.0,1721.0,1755.0,1721.0,1721.0,1788.0,1721.0
276,1720.0,1721.0,1721.0,1721.0,1732.0,1721.0,1779.0,1721.0,1746.0,1721.0,1721.0,1789.0,1721.0
277,1720.0,1722.0,1721.0,1721.0,1732.0,1721.0,1778.0,1721.0,1749.0,1721.0,1721.0,1788.0,1721.0
278,1719.0,1722.0,1721.0,1721.0,1735.0,1721.0,1773.0,1721.0,1743.0,1721.0,1721.0,1790.0,1721.0
279,1719.0,1722.0,1721.0,1721.0,1740.0,1721.0,1767.0,1721.0,1744.0,1721.0,1721.0,1790.0,1721.0
280,1721.0,1722.0,1721.0,1721.0,1747.0,1721.0,1768.0,1721.0,1746.0,1721.0,1721.0,1787.0,1721.0
281,1723.0,1722.0,1721.0,1721.0,1752.0,1721.0,1762.0,1721.0,1751.0,1721.0,1721.0,1787.0,1721.0
282,1722.0,1722.0,1721.0,1721.0,1757.0,1721.0,1755.0,1721.0,1757.0,1721.0,1721.0,1787.0,1721.0
283,1722.0,1723.0,1721.0,1721.0,1759.0,1721.0,1753.0,1721.0,1756.0,1721.0,1721.0,1790.0,1721.0
284,1721.0,1721.0,1721.0,1721.0,1764.0,1721.0,1749.0,1721.0,1762.0,1721.0,1721.0,1788.0,1721.0
285,1720.0,1722.0,1721.0,1721.0,1770.0,1721.0,1748.0,1721.0,1768.0,1721.0,1721.0,1788.0,1721.0
286,1721.0,1722.0,1721.0,1721.0,1774.0,1721.0,1749.0,1721.0,1775.0,1721.0,1721.0,1788.0,1721.0
287,1721.0,1722.0,1721.0,1721.0,1774.0,1721.0,1750.0,1721.0,1773.0,1721.0,1721.0,1786.0,1721.0
288,1719.0,1722.0,1721.0,1721.0,1783.0,1721.0,1747.0,1721.0,1779.0,1721.0,1721.0,1780.0,1721.0
289,1721.0,1723.0,1721.0,1721.0,1784.0,1721.0,1752.0,1721.0,1782.0,1721.0,1721.0,1776.0,1721.0
290,1720.0,1722.0,1721.0,1721.0,1787.0,1721.0,1722.0,1721.0,1789.0,1721.0,1721.0,1772.0,1721.0
291,1722.0,1724.0,1721.0,1721.0,1782.0,1721.0,1832.0,1721.0,1795.0,1721.0,1721.0,1771.0,1721.0
292,1721.0,1722.0,1721.0,1721.0,1783.0,1721.0,1836.0,1721.0,1789.0,1721.0,1721.0,1772.0,1721.0
293,1722.0,1723.0,1721.0,1721.0,1781.0,1721.0,1843.0,1721.0,1789.0,1721.0,1721.0,1779.0,1721.0
294,1723.0,1721.0,1721.0,1721.0,1776.0,1721.0,1848.0,1721.0,1793.0,1721.0,1721.0,1784.0,1721.0
295,1722.0,1723.0,1721.0,1721.0,1770.0,1721.0,1851.0,1721.0,1791.0,1721.0,1721.0,1789.0,1721.0
296,1721.0,1721.0,1721.0,1721.0,1769.0,1721.0,1857.0,1721.0,1792.0,1721.0,1721.0,1794.0,1721.0
297,1721.0,1722.0,1721.0,1721.0,1765.0,1721.0,1862.0,1721.0,1792.0,1721.0,1721.0,1801.0,1721.0
298,1721.0,1722.0,1721.0,1721.0,1767.0,1721.0,1866.0,1721.0,1791.0,1721.0,1721.0,1803.0,1721.0
299,1721.0,1723.0,1721.0,1721.0,1765.0,1721.0,1873.0,1721.0,1791.0,1721.0,1721.0,1809.0,1721.0
300,1721.0,1722.0,1721.0,1721.0,1765.0,1721.0,1878.0,1721.0,1791.0,1721.0,1721.0,1815.0,1721.0
301,1721.0,1721.0,1721.0,1721.0,1766.0,1721.0,1881.0,1721.0,1791.0,1721.0,1721.0,1817.0,1721.0
302,1721.0,1721.0,1721.0,1721.0,1766.0,1721.0,1881.0,1721.0,1792.0,1721.0,1721.0,1817.0,1721.0
303,1721.0,1721.0,1721.0,1721.0,1767.0,1721.0,1881.0,1721.0,1787.0,1721.0,1721.0,1818.0,1721.0
304,1721.0,1721.0,1721.0,1721.0,1771.0,1721.0,1881.0,1721.0,1784.0,1721.0,1721.0,1818.0,1721.0
305,1721.0,1721.0,1721.0,1721.0,1771.0,1721.0,1881.0,1721.0,1784.0,1721.0,1721.0,1818.0,1721.0
306,1721.0,1721.0,1721.0,1721.0,1769.0,1721.0,1881.0,1721.0,1775.0,1721.0,1721.0,1818.0,1721.0
307,1721.0,1721.0,1721.0,1721.0,1721.0,1721.0,1882.0,1721.0,1770.0,1721.0,1721.0,1818.0,1721.0
308,1721.0,1721.0,1721.0,1721.0,1721.0,1721.0,1882.0,1721.0,1770.0,1721.0,1721.0,1818.0,1721.0
309,1721.0,1721.0,1721.0,1721.0,1721.0,1721.0,1881.0,1721.0,1766.0,1721.0,1721.0,1818.0,1721.0
310,1721.0,1721.0,1721.0,1721.0,1721.0,1721.0,1881.0,1721.0,1765.0,1721.0,1721.0,1818.0,1721.0
311,1721.0,1721.0,1721.0,1721.0,1721.0,1721.0,1883.0,1721.0,1766.0,1721.0,1721.0,1818.0,1721.0
312,1721.0,1721.0,1721.0,1721.0,1721.0,1721.0,1881.0,1721.0,1766.0,1721.0,1721.0,1818.0,1721.0
313,1721.0,1721.0,1721.0,1721.0,1721.0,1721.0,1882.0,1721.0,1765.0,1721.0,1721.0,1818.0,1721.0
314,1721.0,1721.0,1721.0,1721.0,1721.0,1721.0,1884.0,1721.0,1766.0,1721.0,1721.0,1818.0,1721.0
315,1721.0,1721.0,1721.0,1721.0,1721.0,1721.0,1884.0,1721.0,1767.0,1721.0,1721.0,1818.0,1721.0
316,1721.0,1721.0,1721.0,1721.0,1721.0,1721.0,1883.0,1721.0,1766.0,1721.0,1721.0,1818.0,1721.0
317,1721.0,1721.0,1721.0,1721.0,1721.0,1721.0,1721.0,1721.0,1767.0,1721.0,1721.0,1818.0,1721.0
318,1721.0,1721.0,1721.0,1721.0,1721.0,1721.0,1721.0,1721.0,1770.0,1721.0,1721.0,1818.0,1721.0
319,1721.0,1721.0,1721.0,1721.0,1721.0,1721.0,1721.0,1721.0,1721.0,1721.0,1721.0,1818.0,1721.0
320,1721.0,1721.0,1721.0,1721.0,1721.0,1721.0,1721.0,1721.0,1721.0,1721.0,1721.0,1818.0,1721.0
321,1721.0,1721.0,1721.0,1721.0,1721.0,1721.0,1721.0,1721.0,1721.0,1721.0,1721.0,1818.0,1721.0
322,1721.0,1721.0,1721.0,1721.0,1721.0,1721.0,1721.0,1721.0,1721.0,1721.0,1721.0,1819.0,1721.0
323,1721.0,1721.0,1721.0,1721.0,1721.0,1721.0,1721.0,1721.0,1721.0,1721.0,1721.0,1818.0,1721.0
324,1721.0,1721.0,1721.0,1721.0,1721.0,1721.0,1721.0,1721.0,1721.0,1721.0,1721.0,1820.0,1721.0
325,1721.0,1721.0,1721.0,1721.0,1721.0,1721.0,1721.0,1721.0,1721.0,1721.0,1721.0,1819.0,1721.0
326,1721.0,1721.0,1721.0,1721.0,1721.0,1721.0,1721.0,1721.0,1721.0,1721.0,1721.0,1822.0,1721.0
327,1721.0,1721.0,1721.0,1721.0,1721.0,1721.0,1721.0,1721.0,1721.0,1721.0,1721.0,1821.0,1721.0
328,1721.0,1721.0,1721.0,1721.0,1721.0,1721.0,1721.0,1721.0,1721.0,1721.0,1721.0,1819.0,1721.0
329,1721.0,1721.0,1721.0,1721.0,1721.0,1721.0,1721.0,1721.0,1721.0,1721.0,1721.0,1721.0,1721.0
330,1721.0,1721.0,1721.0,1721.0,1721.0,1721.0,1721.0,1721.0,1721.0,1721.0,1721.0,1721.0,1721.0
331,1721.0,1721.0,1721.0,1721.0,1721.0,1721.0,1721.0,1721.0,1721.0,1721.0,1721.0,1721.0,1721.0
332,1721.0,1721.0,1721.0,1721.0,1721.0,1721.0,1721.0,1721.0,1721.0,1721.0,1721.0,1721.0,1721.0
333,1721.0,1721.0,1721.0,1721.0,1721.0,1721.0,1721.0,1721.0,1721.0,1721.0,1721.0,1721.0,1721.0
334,1721.0,1721.0,1721.0,1721.0,1721.0,1721.0,1721.0,1721.0,1721.0,1721.0,1721.0,1721.0,1721.0
335,1721.0,1721.0,1721.0,1721.0,1721.0,1721.0,1721.0,1721.0,1721.0,1721.0,1721.0,1721.0,1721.0
336,1721.0,1721.0,1721.0,1721.0,1721.0,1721.0,1721.0,1721.0,1721.0,1721.0,1721.0,1721.0,1721.0
337,1721.0,1721.0,1721.0,1721.0,1721.0,1721.0,1721.0,1721.0,1721.0,1721.0,1721.0,1721.0,1721.0
338,1721.0,1721.0,1721.0,1721.0,1721.0,1721.0,1721.0,1721.0,1721.0,1721.0,1721.0,1721.0,1721.0
339,1721.0,1721.0,1721.0,1721.0,1721.0,1721.0,1721.0,1721.0,1721.0,1721.0,1721.0,1721.0,1721.0
340,1721.0,1721.0,1721.0,1721.0,1721.0,1721.0,1721.0,1721.0,1721.0,1721.0,1721.0,1721.0,1721.0
341,1721.0,1721.0,1721.0,1721.0,1721.0,1721.0,1721.0,1721.0,1721.0,1721.0,1721.0,1721.0,1721.0
342,1721.0,1721.0,1721.0,1721.0,1721.0,1721.0,1721.0,1721.0,1721.0,1721.0,1721.0,1721.0,1721.0
343,1721.0,1721.0,1721.0,1721.0,1721.0,1721.0,1721.0,1721.0,1721.0,1721.0,1721.0,1721.0,1721.0
344,1721.0,1721.0,1721.0,1721.0,1721.0,1721.0,1721.0,1721.0,1721.0,1721.0,1721.0,1721.0,1721.0
