<?xml version="1.0" encoding="UTF-8"?>
<metadata xml:lang="en"><Esri><CreaDate>20141022</CreaDate><CreaTime>10530100</CreaTime><ArcGISFormat>1.0</ArcGISFormat><ArcGISstyle>FGDC CSDGM Metadata</ArcGISstyle><SyncOnce>FALSE</SyncOnce><DataProperties><itemProps><itemName Sync="TRUE">levee_678_8</itemName><itemLocation><linkage Sync="TRUE">file://\\IGSAHAEWLT276\C$\NYBackup\IN_Inun\Indianapolis\Mapping\to_WIM_review\grid\levee\WRIndyIN_17b</linkage><protocol Sync="TRUE">Local Area Network</protocol></itemLocation><imsContentType Sync="TRUE">002</imsContentType><nativeExtBox><westBL Sync="TRUE">176650.000000</westBL><eastBL Sync="TRUE">186130.000000</eastBL><southBL Sync="TRUE">1629630.000000</southBL><northBL Sync="TRUE">1635175.000000</northBL><exTypeCode Sync="TRUE">1</exTypeCode></nativeExtBox></itemProps><coordRef><type Sync="TRUE">Projected</type><geogcsn Sync="TRUE">GCS_North_American_1983</geogcsn><csUnits Sync="TRUE">Linear Unit: Foot_US (0.304801)</csUnits><projcsn Sync="TRUE">NAD_1983_StatePlane_Indiana_East_FIPS_1301_Feet</projcsn><peXml Sync="TRUE">&lt;ProjectedCoordinateSystem xsi:type='typens:ProjectedCoordinateSystem' xmlns:xsi='http://www.w3.org/2001/XMLSchema-instance' xmlns:xs='http://www.w3.org/2001/XMLSchema' xmlns:typens='http://www.esri.com/schemas/ArcGIS/10.1'&gt;&lt;WKT&gt;PROJCS[&amp;quot;NAD_1983_StatePlane_Indiana_East_FIPS_1301_Feet&amp;quot;,GEOGCS[&amp;quot;GCS_North_American_1983&amp;quot;,DATUM[&amp;quot;D_North_American_1983&amp;quot;,SPHEROID[&amp;quot;GRS_1980&amp;quot;,6378137.0,298.257222101]],PRIMEM[&amp;quot;Greenwich&amp;quot;,0.0],UNIT[&amp;quot;Degree&amp;quot;,0.0174532925199433]],PROJECTION[&amp;quot;Transverse_Mercator&amp;quot;],PARAMETER[&amp;quot;False_Easting&amp;quot;,328083.3333333333],PARAMETER[&amp;quot;False_Northing&amp;quot;,820208.3333333333],PARAMETER[&amp;quot;Central_Meridian&amp;quot;,-85.66666666666667],PARAMETER[&amp;quot;Scale_Factor&amp;quot;,0.9999666666666667],PARAMETER[&amp;quot;Latitude_Of_Origin&amp;quot;,37.5],UNIT[&amp;quot;Foot_US&amp;quot;,0.3048006096012192],AUTHORITY[&amp;quot;EPSG&amp;quot;,2965]]&lt;/WKT&gt;&lt;XOrigin&gt;-18119800&lt;/XOrigin&gt;&lt;YOrigin&gt;-45615400&lt;/YOrigin&gt;&lt;XYScale&gt;137246076.82899535&lt;/XYScale&gt;&lt;ZOrigin&gt;-100000&lt;/ZOrigin&gt;&lt;ZScale&gt;10000&lt;/ZScale&gt;&lt;MOrigin&gt;-100000&lt;/MOrigin&gt;&lt;MScale&gt;10000&lt;/MScale&gt;&lt;XYTolerance&gt;0.0032808333333333331&lt;/XYTolerance&gt;&lt;ZTolerance&gt;0.001&lt;/ZTolerance&gt;&lt;MTolerance&gt;0.001&lt;/MTolerance&gt;&lt;HighPrecision&gt;true&lt;/HighPrecision&gt;&lt;WKID&gt;2244&lt;/WKID&gt;&lt;LatestWKID&gt;2965&lt;/LatestWKID&gt;&lt;/ProjectedCoordinateSystem&gt;</peXml></coordRef><RasterProperties><General><PixelDepth Sync="TRUE">32</PixelDepth><HasColormap Sync="TRUE">FALSE</HasColormap><CompressionType Sync="TRUE">None</CompressionType><NumBands Sync="TRUE">1</NumBands><Format Sync="TRUE">GRID</Format><HasPyramids Sync="TRUE">TRUE</HasPyramids><SourceType Sync="TRUE">continuous</SourceType><PixelType Sync="TRUE">floating point</PixelType><NoDataValue Sync="TRUE">-3.4028231e+038</NoDataValue></General></RasterProperties><lineage><Process ToolSource="c:\arcgis\desktop10.1\ArcToolbox\Toolboxes\Data Management Tools.tbx\CopyRaster" Date="20140806" Time="100616">CopyRaster GPL0 C:\NYBackup\IN_Inun\Indy\IndyInunNoLevees\dP008 # # -3.402823e+038 NONE NONE # NONE NONE</Process><Process ToolSource="c:\arcgis\desktop10.1\ArcToolbox\Toolboxes\Data Management Tools.tbx\Clip" Date="20141021" Time="152744">Clip "Orig grid\elev_678_8" "176654.999864578 1629634.99989849 186129.999943413 1635174.99997332" C:\NYBackup\IN_Inun\Indianapolis\Mapping\clipped_gd\levee_678_8 "Clip poly\Levee_678_8" -3.402823e+038 ClippingGeometry</Process></lineage><copyHistory><copy source="C:\NYBackup\IN_Inun\Indianapolis\Mapping\clipped_gd\levee\levee_678_8" dest="\\IGSAHAEWLT276\C$\NYBackup\IN_Inun\Indianapolis\Mapping\to_WIM_review\grid\levee\WRIndyIN_17b" date="20141022" time="10530100"></copy></copyHistory></DataProperties><SyncDate>20141021</SyncDate><SyncTime>15274400</SyncTime><ModDate>20141021</ModDate><ModTime>15274400</ModTime></Esri><dataIdInfo><envirDesc Sync="TRUE">Microsoft Windows 7 Version 6.1 (Build 7601) Service Pack 1; Esri ArcGIS 10.1.1.3143</envirDesc><dataLang><languageCode value="eng" Sync="TRUE"></languageCode><countryCode value="USA" Sync="TRUE"></countryCode></dataLang><idCitation><resTitle Sync="TRUE">levee_678_8</resTitle><presForm><PresFormCd value="005" Sync="TRUE"></PresFormCd></presForm></idCitation><spatRpType><SpatRepTypCd value="002" Sync="TRUE"></SpatRepTypCd></spatRpType><dataExt><geoEle><GeoBndBox esriExtentType="search"><exTypeCode Sync="TRUE">1</exTypeCode><westBL Sync="TRUE">-86.205138</westBL><eastBL Sync="TRUE">-86.171319</eastBL><northBL Sync="TRUE">39.736670</northBL><southBL Sync="TRUE">39.721296</southBL></GeoBndBox></geoEle></dataExt></dataIdInfo><mdLang><languageCode value="eng" Sync="TRUE"></languageCode><countryCode value="USA" Sync="TRUE"></countryCode></mdLang><mdChar><CharSetCd value="004" Sync="TRUE"></CharSetCd></mdChar><distInfo><distFormat><formatName Sync="TRUE">Raster Dataset</formatName></distFormat></distInfo><mdHrLv><ScopeCd value="005" Sync="TRUE"></ScopeCd></mdHrLv><mdHrLvName Sync="TRUE">dataset</mdHrLvName><refSysInfo><RefSystem><refSysID><identCode code="2965" Sync="TRUE"></identCode><idCodeSpace Sync="TRUE">EPSG</idCodeSpace><idVersion Sync="TRUE">7.11.2</idVersion></refSysID></RefSystem></refSysInfo><spatRepInfo><Georect><cellGeo><CellGeoCd Sync="TRUE" value="002"></CellGeoCd></cellGeo><numDims Sync="TRUE">2</numDims><tranParaAv Sync="TRUE">1</tranParaAv><chkPtAv Sync="TRUE">0</chkPtAv><cornerPts><pos Sync="TRUE">176650.000000 1629630.000000</pos></cornerPts><cornerPts><pos Sync="TRUE">176650.000000 1635175.000000</pos></cornerPts><cornerPts><pos Sync="TRUE">186130.000000 1635175.000000</pos></cornerPts><cornerPts><pos Sync="TRUE">186130.000000 1629630.000000</pos></cornerPts><centerPt><pos Sync="TRUE">181390.000000 1632402.500000</pos></centerPt><axisDimension type="002"><dimSize Sync="TRUE">1896</dimSize><dimResol><value Sync="TRUE" uom="Foot_US">5.000000</value></dimResol></axisDimension><axisDimension type="001"><dimSize Sync="TRUE">1109</dimSize><dimResol><value Sync="TRUE" uom="Foot_US">5.000000</value></dimResol></axisDimension><ptInPixel><PixOrientCd Sync="TRUE" value="001"></PixOrientCd></ptInPixel></Georect></spatRepInfo><contInfo><ImgDesc><contentTyp><ContentTypCd Sync="TRUE" value="003"></ContentTypCd></contentTyp><covDim><Band><dimDescrp Sync="TRUE">Band_1</dimDescrp><maxVal Sync="TRUE">39.161133</maxVal><minVal Sync="TRUE">0.000061</minVal><bitsPerVal Sync="TRUE">32</bitsPerVal><valUnit><UOM type="length"></UOM></valUnit></Band></covDim></ImgDesc></contInfo><mdDateSt Sync="TRUE">20141021</mdDateSt></metadata>
